-- phpMyAdmin SQL Dump
-- version 4.0.10deb1
-- http://www.phpmyadmin.net
--
-- Host: localhost
-- Generation Time: Apr 23, 2014 at 09:31 AM
-- Server version: 5.5.35-1ubuntu1
-- PHP Version: 5.5.9-1ubuntu2

create database sportsense;
use sportsense;

SET SQL_MODE = "NO_AUTO_VALUE_ON_ZERO";
SET time_zone = "+00:00";


/*!40101 SET @OLD_CHARACTER_SET_CLIENT=@@CHARACTER_SET_CLIENT */;
/*!40101 SET @OLD_CHARACTER_SET_RESULTS=@@CHARACTER_SET_RESULTS */;
/*!40101 SET @OLD_COLLATION_CONNECTION=@@COLLATION_CONNECTION */;
/*!40101 SET NAMES utf8 */;

--
-- Database: `sportsense`
--

-- --------------------------------------------------------

--
-- Table structure for table `Admin`
--

CREATE TABLE IF NOT EXISTS `Admin` (
  `AdminId` int(11) NOT NULL AUTO_INCREMENT,
  `AdminName` varchar(60) DEFAULT NULL,
  `AdminPW` varchar(1000) DEFAULT NULL,
  PRIMARY KEY (`AdminId`),
  UNIQUE KEY `AdminId` (`AdminId`)
) ENGINE=InnoDB  DEFAULT CHARSET=latin1 AUTO_INCREMENT=2 ;

--
-- Dumping data for table `Admin`
--

INSERT INTO `Admin` (`AdminId`, `AdminName`, `AdminPW`) VALUES
(1, 'azureuser', '235a6085e75b0e7c0cdace5f7af2d663723ce6cebfe85108ab94279fd1eb75b682742854c4b1b609a799e57ee091d0e34ddf8cbd208defc5f4c87966db796747');

-- --------------------------------------------------------

--
-- Table structure for table `campaign`
--

CREATE TABLE IF NOT EXISTS `campaign` (
  `CampaignId` int(11) NOT NULL AUTO_INCREMENT,
  `VideoId` int(11) NOT NULL,
  `start` int(11) NOT NULL,
  `sequenceLength` int(11) NOT NULL,
  `number` int(11) NOT NULL,
  `finished` int(11) NOT NULL,
  PRIMARY KEY (`CampaignId`),
  KEY `VideoId` (`VideoId`)
) ENGINE=InnoDB  DEFAULT CHARSET=latin1 AUTO_INCREMENT=3 ;

--
-- Dumping data for table `campaign`
--

INSERT INTO `campaign` (`CampaignId`, `VideoId`, `start`, `sequenceLength`, `number`, `finished`) VALUES
(1, 1, 2330, 5, 395, 0),
(2, 1, 2030, 5, 100, 0);

-- --------------------------------------------------------

--
-- Table structure for table `Event`
--

CREATE TABLE IF NOT EXISTS `Event` (
  `EventId` int(11) NOT NULL AUTO_INCREMENT,
  `TaskId` int(11) NOT NULL,
  `trackedPointX` float DEFAULT NULL,
  `trackedPointY` float DEFAULT NULL,
  `min` int(11) DEFAULT NULL,
  `sec` int(11) DEFAULT NULL,
  `msec` int(11) DEFAULT NULL,
  `type_id` int(11) NOT NULL,
  `team_id` int(11) DEFAULT NULL,
  `player_id` int(11) DEFAULT NULL,
  `period_id` int(11) DEFAULT NULL,
  `rating` float DEFAULT NULL,
  PRIMARY KEY (`EventId`),
  KEY `TaskId` (`TaskId`),
  KEY `type_id` (`type_id`)
) ENGINE=InnoDB  DEFAULT CHARSET=latin1 AUTO_INCREMENT=1016 ;

--
-- Dumping data for table `Event`
--

INSERT INTO `Event` (`EventId`, `TaskId`, `trackedPointX`, `trackedPointY`, `min`, `sec`, `msec`, `type_id`, `team_id`, `player_id`, `period_id`, `rating`) VALUES
(1, 102, 611.15, 54.35, 38, 52, 2, 1, 30, NULL, NULL, 0.731766),
(2, 102, 648.46, 222.62, 38, 53, 8, 16, 30, NULL, NULL, 0.75617),
(3, 103, 624.83, 46.12, 38, 52, 2, 1, 30, NULL, NULL, 0.907939),
(4, 103, 602.45, 172.02, 38, 53, 3, 15, 30, NULL, NULL, 0.831414),
(5, 103, 634.78, 191.96, 38, 53, 6, 16, 30, NULL, NULL, 0.338825),
(6, 104, 597.48, 195.7, 38, 54, 2, 16, 43, NULL, NULL, -0.618727),
(7, 107, 626.07, 56.09, 38, 52, 2, 1, 30, NULL, NULL, 0.973264),
(8, 107, 602.45, 165.78, 38, 53, 3, 15, 30, NULL, NULL, 0.704196),
(9, 108, 605.56, 173.26, 38, 53, 7, 16, 30, NULL, NULL, 0.160286),
(10, 108, 609.29, 41.13, 38, 53, 3, 1, 30, NULL, NULL, 0.108182),
(11, 109, 331.38, 225.12, 38, 55, 0, 16, 30, NULL, NULL, -0.5),
(12, 110, 521.63, 53.12, 38, 52, 2, 1, 30, NULL, NULL, -0.387183),
(13, 110, 521.63, 130.4, 38, 53, 6, 16, 30, NULL, NULL, -0.962035),
(14, 111, 593.75, 38.14, 38, 54, 4, 15, 30, NULL, NULL, -0.5),
(15, 112, 642.24, 221.88, 38, 54, 1, 16, 30, NULL, NULL, 0.506156),
(16, 113, 554.58, 50.61, 38, 50, 0, 1, 30, NULL, NULL, -0.5),
(17, 114, 609.79, 181.74, 38, 53, 2, 16, 30, NULL, NULL, 0.485376),
(18, 115, 601.21, 165.29, 38, 53, 2, 13, 30, NULL, NULL, 0.242624),
(19, 115, 607.42, 165.29, 38, 53, 8, 16, 30, NULL, NULL, -0.135184),
(20, 116, 565.15, 20.69, 38, 50, 7, 7, 30, NULL, NULL, -0.5),
(21, 116, 606.18, 30.66, 38, 52, 2, 1, 30, NULL, NULL, 0.547231),
(22, 116, 597.48, 172.76, 38, 53, 6, 16, 30, NULL, NULL, 0.153171),
(23, 117, 537.79, 104.71, 38, 53, 3, 16, 30, NULL, NULL, -0.872304),
(24, 117, 514.16, 27.42, 38, 51, 9, 1, 30, NULL, NULL, -0.671181),
(26, 119, 569.5, 43.63, 38, 51, 2, 1, 30, NULL, NULL, -0.302246),
(27, 119, 600.58, 178.25, 38, 53, 8, 16, 30, NULL, NULL, 0.148408),
(28, 120, 85.18, 108.45, 38, 50, 0, 6, 43, NULL, NULL, -0.5),
(29, 120, 85.18, 108.45, 38, 50, 0, 6, 43, NULL, NULL, -0.5),
(30, 122, 621.1, 27.42, 38, 53, 1, 1, 30, NULL, NULL, 0.171262),
(31, 122, 655.92, 216.89, 38, 54, 9, 16, 30, NULL, NULL, 0.231082),
(32, 122, 619.86, 219.38, 38, 54, 9, 15, 30, NULL, NULL, -0.308977),
(33, 122, 575.09, 23.68, 38, 50, 0, 8, 30, NULL, NULL, -0.5),
(34, 126, 175.33, 105.95, 38, 50, 2, 7, 30, NULL, NULL, -0.5),
(35, 126, 186.52, 63.57, 38, 50, 6, 13, 30, NULL, NULL, -0.5),
(36, 126, 192.73, 397.63, 38, 50, 7, 7, 30, NULL, NULL, -0.5),
(37, 126, 228.79, 390.15, 38, 50, 8, 7, 30, NULL, NULL, -0.5),
(38, 126, 160.4, 400.13, 38, 51, 6, 15, 30, NULL, NULL, -0.5),
(39, 126, 33.57, 391.4, 38, 52, 3, 13, 30, NULL, NULL, -0.5),
(40, 126, 33.57, 386.41, 38, 52, 4, 6, 43, NULL, NULL, -0.5),
(41, 127, 612.4, 168.28, 38, 55, 0, 16, 30, NULL, NULL, -0.666613),
(42, 127, 614.88, 54.85, 38, 52, 1, 1, 30, NULL, NULL, 0.753961),
(43, 127, 597.48, 203.18, 38, 53, 6, 15, 30, NULL, NULL, 0.549113),
(44, 128, 323.92, 432.54, 38, 50, 0, 1, 30, NULL, NULL, -0.5),
(45, 128, 551.47, 62.32, 38, 50, 0, 1, 30, NULL, NULL, -0.5),
(46, 128, 583.8, 186.97, 38, 50, 0, 15, 30, NULL, NULL, -0.883605),
(47, 129, 617.37, 57.34, 38, 52, 4, 8, 43, NULL, NULL, -0.5),
(48, 129, 604.94, 149.58, 38, 53, 2, 13, 30, NULL, NULL, 0.0542409),
(49, 129, 604.94, 162.04, 38, 54, 3, 16, 30, NULL, NULL, -0.436214),
(50, 129, 588.77, 53.6, 38, 52, 0, 1, 30, NULL, NULL, 0.351882),
(51, 130, 631.05, 59.83, 38, 52, 9, 16, 30, NULL, NULL, 0.136601),
(52, 130, 631.05, 59.83, 38, 52, 9, 16, 30, NULL, NULL, 0.136601),
(53, 132, 172.22, 375.2, 38, 50, 0, 8, 30, NULL, NULL, -0.5),
(54, 132, 178.43, 344.03, 38, 50, 0, 15, 30, NULL, NULL, -0.5),
(55, 132, 505.46, 52.35, 38, 50, 0, 1, 30, NULL, NULL, -0.5),
(56, 132, 500.49, 37.39, 38, 50, 0, 1, 30, NULL, NULL, -0.5),
(57, 132, 147.35, 391.4, 38, 50, 0, 5, 30, NULL, NULL, -0.5),
(61, 135, 592.5, 186.48, 38, 54, 8, 16, 30, NULL, NULL, -0.0621121),
(62, 136, 651.57, 238.08, 38, 54, 2, 16, 30, NULL, NULL, 0.628735),
(63, 136, 615.51, 185.73, 38, 52, 6, 1, 30, NULL, NULL, 0.148188),
(64, 136, 641.62, 221.88, 38, 54, 0, 15, 30, NULL, NULL, -0.5),
(65, 137, 614.88, 48.11, 38, 52, 2, 1, 30, NULL, NULL, 0.77043),
(66, 137, 598.72, 166.53, 38, 53, 2, 15, 30, NULL, NULL, 0.74744),
(67, 137, 659.65, 208.91, 38, 53, 7, 16, 30, NULL, NULL, 0.714957),
(68, 138, 591.26, 51.85, 38, 52, 1, 1, 30, NULL, NULL, 0.431533),
(69, 138, 512.92, 65.57, 38, 51, 8, 7, 43, NULL, NULL, -0.5),
(70, 138, 613.64, 185.23, 38, 53, 2, 15, 30, NULL, NULL, 0.96742),
(71, 138, 648.46, 221.38, 38, 53, 8, 16, 30, NULL, NULL, 0.741693),
(72, 138, 591.26, 51.85, 38, 52, 1, 1, 30, NULL, NULL, 0.431533),
(73, 138, 512.92, 65.57, 38, 51, 8, 7, 43, NULL, NULL, -0.5),
(74, 138, 613.64, 185.23, 38, 53, 2, 15, 30, NULL, NULL, 0.96742),
(75, 138, 648.46, 221.38, 38, 53, 8, 16, 30, NULL, NULL, 0.741693),
(76, 140, 598.72, 36.9, 38, 52, 6, 1, 30, NULL, NULL, 0.317336),
(77, 140, 609.91, 183.98, 38, 54, 3, 16, 30, NULL, NULL, -0.0585581),
(78, 141, 594.99, 32.41, 38, 51, 7, 1, 30, NULL, NULL, 0.198821),
(79, 141, 507.95, 125.9, 38, 53, 2, 16, 30, NULL, NULL, -0.936903),
(80, 142, 522.87, 99.24, 38, 53, 7, 16, 30, NULL, NULL, -0.5),
(81, 142, 486.81, 26.95, 38, 53, 2, 1, 30, NULL, NULL, -0.5),
(82, 143, 620.48, 41.13, 38, 52, 2, 1, 30, NULL, NULL, 0.780151),
(83, 143, 599.96, 177, 38, 53, 2, 15, 30, NULL, NULL, 0.93179),
(84, 143, 659.65, 185.73, 38, 53, 6, 16, 30, NULL, NULL, 0.377565),
(85, 144, 82.69, 323.59, 38, 50, 0, 1, 43, NULL, NULL, -0.5),
(86, 144, 60.31, 384.67, 38, 50, 3, 1, 30, NULL, NULL, -0.5),
(87, 144, 45.39, 378.44, 38, 50, 6, 8, 30, NULL, NULL, -0.5),
(88, 144, 52.85, 382.18, 38, 50, 7, 8, 30, NULL, NULL, -0.5),
(89, 144, 47.87, 377.19, 38, 50, 9, 15, 30, NULL, NULL, -0.5),
(90, 144, 54.09, 373.45, 38, 51, 0, 15, 30, NULL, NULL, -0.5),
(91, 144, 51.6, 369.71, 38, 51, 1, 15, 30, NULL, NULL, -0.5),
(92, 144, 37.93, 358.49, 38, 51, 5, 7, 43, NULL, NULL, -0.5),
(93, 144, 37.93, 364.73, 38, 51, 8, 7, 43, NULL, NULL, -0.5),
(94, 144, 13.06, 400.87, 38, 52, 1, 15, 30, NULL, NULL, -0.5),
(95, 144, 21.76, 362.23, 38, 52, 4, 7, 43, NULL, NULL, -0.5),
(96, 144, 25.49, 394.64, 38, 52, 7, 13, 30, NULL, NULL, -0.5),
(97, 144, 60.31, 287.44, 38, 53, 0, 1, 30, NULL, NULL, -0.5),
(98, 144, 40.41, 282.46, 38, 53, 3, 15, 30, NULL, NULL, -0.5),
(99, 144, 44.14, 286.2, 38, 53, 6, 15, 30, NULL, NULL, -0.5),
(100, 144, 41.66, 286.2, 38, 53, 9, 16, 30, NULL, NULL, -0.5),
(101, 144, 44.14, 274.98, 38, 54, 2, 16, 30, NULL, NULL, -0.5),
(102, 144, 50.36, 267.5, 38, 54, 5, 16, 30, NULL, NULL, -0.5),
(103, 144, 49.12, 287.44, 38, 54, 8, 16, 30, NULL, NULL, -0.5),
(104, 144, 5.6, 231.35, 38, 54, 9, 16, 30, NULL, NULL, -0.5),
(105, 144, 3.11, 220.13, 38, 55, 0, 16, 30, NULL, NULL, -0.5),
(106, 146, 597.48, 194.45, 38, 55, 0, 16, 30, NULL, NULL, -0.598182),
(107, 146, 591.26, 147.09, 38, 53, 3, 1, 30, NULL, NULL, -0.0627987),
(108, 147, 609.29, 237.58, 38, 51, 1, 1, 30, NULL, NULL, -0.5),
(109, 148, 229.42, 256.78, 38, 50, 3, 1, 30, NULL, NULL, -0.5),
(110, 149, 626.7, 45.62, 38, 52, 2, 1, 30, NULL, NULL, 0.917875),
(111, 149, 603.07, 182.74, 38, 53, 3, 15, 30, NULL, NULL, 0.939173),
(112, 149, 606.8, 192.71, 38, 53, 6, 16, 30, NULL, NULL, 0.0897022),
(113, 150, 611.15, 31.16, 38, 50, 5, 1, 30, NULL, NULL, -0.254995),
(114, 150, 613.64, 188.22, 38, 53, 5, 15, 30, NULL, NULL, 0.811757),
(115, 150, 654.67, 224.37, 38, 54, 3, 16, 30, NULL, NULL, 0.617994),
(116, 152, 599.71, 187.61, 38, 53, 2, 16, 43, NULL, NULL, -0.719432),
(117, 152, 594.75, 186.37, 38, 53, 2, 15, 43, NULL, NULL, 0.414041),
(118, 152, 622.02, 50.02, 38, 51, 9, 1, 43, NULL, NULL, 0.261808),
(119, 155, 571.36, 41.88, 38, 50, 7, 8, 30, NULL, NULL, -0.5),
(120, 155, 628.56, 49.36, 38, 52, 1, 1, 30, NULL, NULL, 0.916644),
(121, 155, 594.99, 179, 38, 53, 2, 15, 30, NULL, NULL, 0.894244),
(122, 155, 659.65, 201.43, 38, 53, 8, 16, 30, NULL, NULL, 0.572612),
(123, 157, 516.65, 96.87, 38, 54, 7, 1, 30, NULL, NULL, -0.5),
(124, 157, 297.81, 378.46, 38, 54, 7, 15, 30, NULL, NULL, -0.5),
(125, 157, 522.87, 269.99, 38, 54, 7, 7, 30, NULL, NULL, -0.5),
(126, 158, 641, 56.09, 38, 52, 3, 1, 30, NULL, NULL, 0.905442),
(127, 158, 608.67, 157.06, 38, 53, 3, 15, 30, NULL, NULL, 0.597003),
(128, 158, 650.94, 203.18, 38, 53, 8, 16, 30, NULL, NULL, 0.563239),
(129, 160, 20.52, 224.37, 38, 50, 0, 16, 30, NULL, NULL, -0.5),
(130, 160, 617.37, 206.92, 38, 50, 0, 16, 43, NULL, NULL, -0.5),
(131, 160, 585.04, 234.34, 38, 50, 0, 1, 43, NULL, NULL, -0.5),
(132, 160, 602.45, 254.29, 38, 50, 0, 13, 43, NULL, NULL, -0.5),
(133, 160, 243.09, 309.13, 38, 50, 0, 4, 30, NULL, NULL, -0.5),
(134, 160, 45.39, 286.69, 38, 50, 0, 15, 30, NULL, NULL, -0.5),
(135, 161, 466.29, 276.22, 38, 50, 0, 13, 43, NULL, NULL, -0.5),
(136, 161, 359.36, 201.43, 38, 50, 0, 7, 43, NULL, NULL, -0.5),
(137, 162, 576.34, 188.22, 38, 54, 6, 16, 30, NULL, NULL, -0.577878),
(138, 163, 98.85, 248.82, 38, 50, 0, 4, 30, NULL, NULL, -0.5),
(139, 163, 90.15, 322.37, 38, 50, 0, 1, 43, NULL, NULL, -0.5),
(140, 163, 59.06, 201.43, 38, 50, 0, 17, 30, NULL, NULL, -0.5),
(141, 163, 55.33, 286.2, 38, 50, 0, 13, 30, NULL, NULL, -0.5),
(142, 163, 396.04, 167.78, 38, 50, 0, 5, 30, NULL, NULL, -0.5),
(143, 164, 307.75, 215.64, 38, 50, 8, 16, 43, NULL, NULL, -0.5),
(144, 165, 601.21, 209.41, 38, 53, 3, 16, 30, NULL, NULL, 0.140569),
(145, 166, 621.72, 98.72, 38, 53, 2, 1, 30, NULL, NULL, -0.057529),
(146, 166, 613.02, 181.1, 38, 53, 7, 13, 30, NULL, NULL, 0.212217),
(147, 166, 649.08, 232.35, 38, 53, 9, 16, 30, NULL, NULL, 0.764673),
(148, 167, 637.27, 157.06, 38, 53, 9, 13, 43, NULL, NULL, -0.872037),
(149, 168, 631.05, 53.6, 38, 52, 2, 1, 30, NULL, NULL, 0.996375),
(150, 168, 597.48, 189.47, 38, 53, 7, 16, 30, NULL, NULL, 0.188706),
(151, 169, 25.85, 217.48, 38, 50, 1, 1, 30, NULL, NULL, -0.5),
(152, 169, 3.55, 219.96, 38, 50, 1, 16, 30, NULL, NULL, -0.5),
(153, 169, 6.03, 5.51, 38, 50, 1, 6, 30, NULL, NULL, -0.5),
(154, 170, 622.34, 61.83, 38, 52, 2, 1, 30, NULL, NULL, 0.909103),
(155, 170, 602.45, 179, 38, 53, 2, 15, 30, NULL, NULL, 0.966047),
(156, 170, 662.13, 241.32, 38, 53, 7, 16, 30, NULL, NULL, 0.936089),
(157, 171, 615.51, 58.83, 38, 52, 2, 1, 30, NULL, NULL, 0.810786),
(158, 171, 608.04, 180.99, 38, 53, 2, 15, 30, NULL, NULL, 0.98723),
(159, 171, 660.27, 192.21, 38, 53, 6, 16, 30, NULL, NULL, 0.458933),
(160, 173, 621.72, 41.38, 38, 52, 1, 1, 30, NULL, NULL, 0.752384),
(161, 173, 504.84, 121.16, 38, 53, 3, 15, 30, NULL, NULL, -0.551088),
(162, 173, 630.43, 245.81, 38, 53, 7, 16, 30, NULL, NULL, 0.545806),
(163, 174, 101.34, 379.68, 38, 50, 0, 13, 30, NULL, NULL, -0.5),
(164, 174, 83.93, 378.44, 38, 50, 1, 13, 30, NULL, NULL, -0.5),
(165, 174, 75.23, 384.67, 38, 50, 2, 13, 30, NULL, NULL, -0.5),
(166, 174, 129.94, 317.36, 38, 50, 8, 15, 30, NULL, NULL, -0.5),
(167, 174, 121.24, 321.1, 38, 51, 1, 15, 30, NULL, NULL, -0.5),
(168, 174, 27.98, 195.2, 38, 53, 8, 16, 30, NULL, NULL, -0.5),
(169, 175, 588.77, 196.95, 38, 54, 5, 16, 30, NULL, NULL, -0.414973),
(170, 175, 592.5, 82.27, 38, 53, 0, 1, 30, NULL, NULL, -0.00275183),
(171, 176, 618.61, 175.76, 38, 53, 8, 16, 30, NULL, NULL, 0.0549041),
(172, 177, 91.39, 275.48, 38, 54, 0, 16, 30, NULL, NULL, -0.5),
(173, 177, 146.1, 407.61, 38, 51, 1, 1, 30, NULL, NULL, -0.5),
(174, 178, 577.58, 35.65, 38, 54, 0, 1, 30, NULL, NULL, -0.630736),
(175, 178, 609.91, 177.75, 38, 54, 5, 16, 30, NULL, NULL, -0.192395),
(176, 179, 552.71, 47.37, 38, 50, 0, 1, 30, NULL, NULL, -0.5),
(177, 179, 590.01, 120.91, 38, 50, 0, 8, 43, NULL, NULL, -0.5),
(178, 181, 643.48, 58.59, 38, 52, 2, 1, 30, NULL, NULL, 0.919621),
(179, 181, 609.91, 132.13, 38, 52, 5, 15, 30, NULL, NULL, -0.5),
(180, 181, 609.91, 181.99, 38, 53, 2, 15, 30, NULL, NULL, 0.985907),
(181, 181, 662.13, 201.93, 38, 53, 6, 16, 30, NULL, NULL, 0.581811),
(182, 182, 611.15, 58.09, 38, 52, 3, 1, 30, NULL, NULL, 0.680115),
(183, 182, 516.65, 101.71, 38, 53, 8, 16, 30, NULL, NULL, -0.5),
(184, 183, 65.9, 230.6, 38, 50, 0, 13, 30, NULL, NULL, -0.5),
(185, 183, 649.08, 254.29, 38, 50, 0, 16, 30, NULL, NULL, -0.5),
(186, 183, 82.07, 282.96, 38, 50, 0, 13, 43, NULL, NULL, -0.5),
(187, 183, 78.34, 263.01, 38, 50, 0, 13, 43, NULL, NULL, -0.5),
(188, 183, 88.28, 103.46, 38, 50, 0, 16, 30, NULL, NULL, -0.5),
(189, 184, 599.96, 224.37, 38, 50, 0, 16, 30, NULL, NULL, -0.5),
(190, 185, 601.21, 199.44, 38, 54, 8, 16, 30, NULL, NULL, -0.427684),
(191, 186, 230.66, 296.67, 38, 50, 0, 1, 43, NULL, NULL, -0.5),
(192, 186, 379.87, 345.28, 38, 50, 0, 8, 30, NULL, NULL, -0.5),
(193, 186, 202.06, 269.24, 38, 50, 0, 13, 30, NULL, NULL, -0.5),
(194, 186, 481.84, 387.66, 38, 50, 0, 15, 43, NULL, NULL, -0.5),
(195, 186, 224.44, 61.08, 38, 50, 0, 16, 43, NULL, NULL, -0.5),
(196, 186, 471.89, 175.76, 38, 50, 0, 7, 30, NULL, NULL, -0.5),
(197, 186, 437.07, 390.15, 38, 50, 0, 4, 43, NULL, NULL, -0.5),
(198, 186, 185.9, 51.11, 38, 50, 0, 17, 30, NULL, NULL, -0.5),
(199, 186, 445.78, 218.14, 38, 50, 0, 5, 30, NULL, NULL, -0.5),
(200, 186, 381.12, 22.44, 38, 50, 0, 6, 43, NULL, NULL, -0.5),
(201, 187, 509.19, 63.57, 38, 50, 2, 1, 30, NULL, NULL, -0.5),
(202, 187, 618.61, 28.67, 38, 52, 2, 1, 30, NULL, NULL, 0.622329),
(203, 187, 642.24, 230.6, 38, 54, 0, 16, 30, NULL, NULL, 0.580841),
(204, 187, 657.16, 240.57, 38, 54, 7, 16, 30, NULL, NULL, -0.5),
(205, 187, 642.24, 251.79, 38, 54, 9, 16, 30, NULL, NULL, -0.5),
(206, 189, 625.45, 61.33, 38, 52, 2, 1, 30, NULL, NULL, 0.946691),
(207, 189, 605.56, 182.24, 38, 53, 2, 15, 30, NULL, NULL, 0.994025),
(208, 189, 655.3, 197.2, 38, 53, 6, 16, 30, NULL, NULL, 0.510343),
(209, 190, 608.04, 200.19, 38, 55, 0, 16, 30, NULL, NULL, -0.447951),
(210, 190, 655.3, 29.42, 38, 54, 5, 6, 30, NULL, NULL, -0.5),
(211, 190, 616.75, 159.05, 38, 53, 2, 15, 30, NULL, NULL, 0.648429),
(212, 191, 572.61, 61.08, 38, 53, 3, 1, 30, NULL, NULL, -0.302909),
(213, 191, 644.73, 215.64, 38, 53, 9, 13, 30, NULL, NULL, -0.461561),
(214, 191, 658.4, 224.37, 38, 54, 5, 16, 30, NULL, NULL, 0.551681),
(215, 192, 631.05, 43.63, 38, 51, 7, 13, 30, NULL, NULL, 0.161069),
(216, 193, 612.4, 36.15, 38, 52, 2, 1, 30, NULL, NULL, 0.65087),
(217, 193, 607.42, 172.02, 38, 53, 2, 16, 30, NULL, NULL, 0.39064),
(218, 194, 611.15, 184.48, 38, 53, 2, 16, 30, NULL, NULL, 0.485684),
(219, 195, 68.39, 224.37, 38, 53, 2, 13, 30, NULL, NULL, -0.5),
(220, 195, 329.51, 215.64, 38, 54, 9, 13, 30, NULL, NULL, -0.5),
(221, 195, 68.39, 221.88, 38, 54, 9, 16, 30, NULL, NULL, -0.5),
(222, 196, 301.54, 263.76, 38, 50, 0, 13, 43, NULL, NULL, -0.5),
(223, 197, 587.53, 100.49, 38, 52, 8, 1, 30, NULL, NULL, -0.0962023),
(224, 197, 597.48, 177.77, 38, 53, 2, 15, 30, NULL, NULL, 0.915452),
(225, 197, 662.13, 233.86, 38, 53, 8, 16, 30, NULL, NULL, 0.94437),
(228, 199, 597.48, 224.37, 38, 54, 4, 16, 43, NULL, NULL, -0.683068),
(229, 201, 558.93, 56.09, 38, 50, 0, 13, 43, NULL, NULL, -0.5),
(230, 201, 619.86, 271.74, 38, 51, 6, 16, 43, NULL, NULL, -0.5),
(231, 202, 223.82, 109.94, 38, 50, 0, 1, 43, NULL, NULL, -0.5),
(232, 202, 512.3, 150.85, 38, 51, 9, 13, 30, NULL, NULL, -0.5),
(233, 202, 429.49, 111.94, 38, 54, 7, 8, 30, NULL, NULL, -0.5),
(234, 203, 650.94, 247.55, 38, 53, 8, 16, 30, NULL, NULL, 0.691665),
(235, 203, 498, 68.08, 38, 52, 0, 1, 30, NULL, NULL, -0.78963),
(236, 203, 480.59, 65.57, 38, 51, 0, 1, 30, NULL, NULL, -0.5),
(237, 203, 590.01, 211.41, 38, 53, 2, 15, 30, NULL, NULL, 0.613564),
(238, 203, 632.29, 237.58, 38, 53, 6, 16, 30, NULL, NULL, -0.5),
(239, 204, 607.42, 179, 38, 53, 2, 15, 30, NULL, NULL, 0.975272),
(240, 204, 652.19, 235.09, 38, 53, 9, 16, 30, NULL, NULL, 0.807545),
(241, 208, 633.54, 29.92, 38, 53, 3, 8, 30, NULL, NULL, -0.5),
(242, 208, 612.4, 188.22, 38, 53, 4, 15, 30, NULL, NULL, 0.871987),
(243, 208, 662.13, 216.89, 38, 53, 7, 16, 30, NULL, NULL, 0.867838),
(244, 208, 628.56, 59.83, 38, 52, 2, 1, 30, NULL, NULL, 0.977964),
(245, 208, 612.4, 185.73, 38, 53, 4, 4, 30, NULL, NULL, -0.5),
(246, 208, 606.18, 198.19, 38, 53, 4, 7, 43, NULL, NULL, -0.5),
(247, 209, 617.37, 37.39, 38, 52, 0, 1, 30, NULL, NULL, 0.604759),
(248, 209, 607.42, 177, 38, 53, 2, 15, 30, NULL, NULL, 0.957247),
(249, 209, 653.43, 240.57, 38, 53, 8, 16, 30, NULL, NULL, 0.830061),
(250, 210, 608.67, 65.57, 38, 54, 9, 16, 30, NULL, NULL, -0.5),
(251, 211, 224.44, 326.58, 38, 53, 9, 4, 30, NULL, NULL, -0.5),
(252, 213, 504.84, 68.56, 38, 50, 0, 1, 30, NULL, NULL, -0.5),
(253, 213, 579.45, 157.06, 38, 53, 1, 16, 30, NULL, NULL, -0.5),
(254, 213, 588.15, 177, 38, 53, 1, 1, 30, NULL, NULL, 0.199626),
(255, 213, 578.2, 214.4, 38, 53, 5, 13, 30, NULL, NULL, -0.690261),
(256, 213, 603.07, 81.02, 38, 53, 5, 6, 30, NULL, NULL, -0.638005),
(257, 214, 547.53, 58.15, 38, 50, 8, 1, 30, NULL, NULL, -0.5),
(258, 214, 624.62, 70.44, 38, 52, 3, 13, 30, NULL, NULL, 0.270149),
(259, 214, 609.7, 157.45, 38, 53, 1, 16, 30, NULL, NULL, 0.100586),
(260, 215, 575.09, 213.15, 38, 54, 9, 16, 43, NULL, NULL, -0.5),
(261, 216, 579.58, 119.33, 38, 50, 0, 1, 30, NULL, NULL, -0.5),
(262, 216, 366.95, 119.47, 38, 52, 0, 1, 30, NULL, NULL, -0.5),
(263, 216, 593.26, 184.8, 38, 51, 2, 16, 30, NULL, NULL, -0.5),
(264, 216, 630.57, 167.39, 38, 52, 5, 16, 30, NULL, NULL, -0.225161),
(265, 217, 636.64, 72.3, 38, 52, 0, 13, 30, NULL, NULL, 0.212457),
(266, 218, 603.69, 22.44, 38, 55, 0, 16, 30, NULL, NULL, -0.5),
(267, 219, 619.24, 56.09, 38, 50, 0, 1, 30, NULL, NULL, -0.21147),
(269, 220, 289.72, 231.37, 38, 50, 0, 1, 30, NULL, NULL, -0.5),
(270, 220, 125.59, 339.82, 38, 50, 0, 16, 30, NULL, NULL, -0.5),
(271, 221, 552.71, 102.21, 38, 54, 3, 1, 30, NULL, NULL, -0.5),
(272, 222, 623.59, 56.84, 38, 52, 2, 1, 30, NULL, NULL, 0.948297),
(273, 222, 601.21, 200.19, 38, 53, 2, 15, 30, NULL, NULL, 0.842785),
(274, 222, 654.67, 225.12, 38, 53, 88, 16, 30, NULL, NULL, 0.834177),
(275, 223, 619.24, 46.12, 38, 52, 2, 1, 30, NULL, NULL, 0.834256),
(276, 223, 605.56, 180.74, 38, 53, 3, 15, 30, NULL, NULL, 0.93705),
(277, 223, 661.51, 219.38, 38, 53, 8, 16, 30, NULL, NULL, 0.857435),
(278, 225, 591.1, 43.71, 38, 50, 8, 8, 30, NULL, NULL, -0.738901),
(279, 225, 608.44, 163.04, 38, 53, 3, 1, 30, NULL, NULL, 0.171727),
(280, 225, 624.54, 177.96, 38, 54, 4, 16, 30, NULL, NULL, -0.17799),
(281, 226, 493.03, 66.83, 38, 52, 3, 1, 30, NULL, NULL, -0.5),
(282, 226, 604.94, 161.57, 38, 53, 7, 16, 30, NULL, NULL, -0.140699),
(283, 226, 606.18, 161.57, 38, 53, 2, 15, 30, NULL, NULL, 0.704485),
(284, 226, 611.15, 164.06, 38, 53, 3, 8, 43, NULL, NULL, -0.5),
(285, 226, 593.75, 33.18, 38, 51, 5, 7, 30, NULL, NULL, -0.409599),
(286, 227, 20.52, 372.7, 38, 52, 2, 1, 30, NULL, NULL, -0.5),
(287, 227, 45.39, 255.53, 38, 53, 3, 15, 30, NULL, NULL, -0.5),
(288, 227, 10.57, 234.34, 38, 53, 7, 16, 30, NULL, NULL, -0.5),
(289, 228, 613.64, 33.16, 38, 52, 4, 1, 30, NULL, NULL, 0.534279),
(290, 228, 581.31, 192.71, 38, 54, 0, 16, 30, NULL, NULL, -0.227577),
(291, 229, 628.56, 44.38, 38, 52, 4, 1, 30, NULL, NULL, 0.813171),
(292, 229, 609.91, 188.97, 38, 53, 2, 16, 30, NULL, NULL, 0.483551),
(293, 230, 153.57, 213.15, 38, 54, 8, 1, 30, NULL, NULL, -0.5),
(294, 230, 341.33, 220.63, 38, 54, 8, 13, 43, NULL, NULL, -0.5),
(295, 231, 311.48, 95.5, 38, 50, 0, 1, 30, NULL, NULL, -0.5),
(296, 231, 355, 124.17, 38, 50, 0, 13, 30, NULL, NULL, -0.5),
(297, 232, 608.67, 52.35, 38, 52, 2, 1, 30, NULL, NULL, 0.698607),
(298, 232, 599.96, 189.47, 38, 53, 3, 15, 30, NULL, NULL, 0.912575),
(299, 232, 660.89, 221.88, 38, 53, 9, 16, 30, NULL, NULL, 0.83892),
(300, 233, 629.31, 51.23, 38, 52, 1, 1, 30, NULL, NULL, 0.932134),
(301, 233, 535.16, 119.41, 38, 53, 3, 15, 30, NULL, NULL, -0.262412),
(302, 233, 651.61, 234.69, 38, 53, 8, 16, 30, NULL, NULL, 0.850722),
(303, 234, 597.48, 167.03, 38, 53, 7, 16, 30, NULL, NULL, -0.154395),
(304, 234, 609.91, 57.34, 38, 52, 2, 1, 30, NULL, NULL, 0.715652),
(305, 234, 583.8, 181.99, 38, 53, 3, 15, 30, NULL, NULL, 0.6644),
(306, 235, 601.21, 60.58, 38, 51, 9, 1, 30, NULL, NULL, 0.452686),
(307, 235, 599.96, 183.98, 38, 53, 8, 16, 30, NULL, NULL, 0.172972),
(308, 236, 496.76, 124.65, 38, 55, 0, 16, 30, NULL, NULL, -0.5),
(309, 238, 637.89, 54.85, 38, 52, 2, 1, 30, NULL, NULL, 0.982145),
(310, 238, 585.66, 170.77, 38, 53, 6, 16, 30, NULL, NULL, -0.285436),
(311, 238, 591.88, 167.03, 38, 53, 2, 15, 30, NULL, NULL, 0.709009),
(312, 239, 482.46, 78.53, 38, 50, 1, 1, 30, NULL, NULL, -0.5),
(313, 239, 584.42, 62.32, 38, 50, 8, 13, 30, NULL, NULL, -0.5),
(314, 239, 627.94, 58.59, 38, 51, 7, 16, 30, NULL, NULL, -0.5),
(315, 239, 649.08, 63.57, 38, 52, 1, 15, 30, NULL, NULL, 0.238736),
(316, 239, 646.59, 44.87, 38, 52, 8, 6, 30, NULL, NULL, -0.5),
(317, 239, 610.53, 173.26, 38, 53, 5, 16, 30, NULL, NULL, -0.5),
(318, 239, 617.99, 179.5, 38, 53, 5, 16, 30, NULL, NULL, -0.5),
(319, 239, 615.51, 178.25, 38, 53, 5, 15, 30, NULL, NULL, 0.768081),
(320, 239, 609.29, 168.28, 38, 53, 5, 7, 30, NULL, NULL, -0.5),
(321, 239, 654.05, 214.4, 38, 54, 7, 16, 30, NULL, NULL, 0.26172),
(322, 240, 625.12, 62.04, 38, 52, 7, 1, 30, NULL, NULL, 0.688157),
(323, 240, 609.72, 178.71, 38, 53, 7, 16, 30, NULL, NULL, 0.216788),
(324, 241, 609.91, 178.25, 38, 53, 4, 16, 30, NULL, NULL, 0.362111),
(325, 242, 617.37, 46.12, 38, 52, 5, 1, 30, NULL, NULL, 0.650888),
(326, 242, 591.26, 186.97, 38, 55, 0, 16, 30, NULL, NULL, -0.545577),
(327, 245, 601.21, 38.64, 38, 50, 0, 1, 30, NULL, NULL, -0.544935),
(328, 245, 541.52, 133.38, 38, 50, 0, 13, 30, NULL, NULL, -0.5),
(329, 245, 655.92, 240.57, 38, 50, 0, 16, 30, NULL, NULL, -0.941662),
(330, 246, 628.56, 56.84, 38, 52, 3, 1, 30, NULL, NULL, 0.938709),
(331, 246, 597.48, 183.98, 38, 53, 8, 16, 30, NULL, NULL, 0.149102),
(332, 247, 84.55, 253.04, 38, 50, 0, 6, 43, NULL, NULL, -0.5),
(333, 247, 92.01, 292.93, 38, 50, 0, 1, 43, NULL, NULL, -0.5),
(334, 249, 637.27, 47.37, 38, 52, 2, 1, 30, NULL, NULL, 0.945347),
(335, 249, 613.64, 175.76, 38, 53, 3, 16, 30, NULL, NULL, 0.361606),
(336, 250, 618.61, 48.61, 38, 52, 4, 1, 30, NULL, NULL, 0.748698),
(337, 250, 604.94, 163.29, 38, 53, 3, 15, 30, NULL, NULL, 0.675376),
(338, 251, 610.53, 38.64, 38, 51, 6, 1, 30, NULL, NULL, 0.353338),
(339, 251, 610.53, 186.97, 38, 53, 1, 15, 30, NULL, NULL, 0.937506),
(340, 251, 611.78, 180.74, 38, 54, 0, 16, 30, NULL, NULL, -0.0567697),
(341, 253, 204.55, 134.62, 38, 50, 0, 1, 30, NULL, NULL, -0.5),
(342, 253, 98.85, 234.34, 38, 55, 0, 1, 30, NULL, NULL, -0.5),
(343, 253, 8.08, 230.6, 38, 53, 8, 16, 30, NULL, NULL, -0.5),
(344, 255, 618.61, 43.63, 38, 52, 2, 1, 30, NULL, NULL, 0.790556),
(345, 255, 597.48, 179.5, 38, 53, 2, 15, 30, NULL, NULL, 0.92967),
(346, 255, 643.48, 224.37, 38, 53, 7, 16, 30, NULL, NULL, 0.731946),
(347, 255, 553.96, 29.92, 38, 50, 6, 1, 30, NULL, NULL, -0.5),
(348, 255, 632.29, 79.78, 38, 52, 4, 8, 30, NULL, NULL, -0.5),
(349, 255, 594.99, 31.16, 38, 51, 3, 7, 30, NULL, NULL, -0.5),
(350, 257, 601.21, 174.51, 38, 53, 4, 15, 30, NULL, NULL, 0.811479),
(351, 257, 597.48, 164.54, 38, 53, 8, 16, 30, NULL, NULL, -0.226281),
(352, 259, 69.01, 223.89, 38, 50, 0, 16, 43, NULL, NULL, -0.5),
(353, 261, 608.67, 57.34, 38, 52, 2, 1, 30, NULL, NULL, 0.700203),
(354, 261, 612.4, 165.78, 38, 54, 0, 16, 30, NULL, NULL, -0.154118),
(355, 262, 495.51, 83.52, 38, 54, 5, 16, 30, NULL, NULL, -0.5),
(356, 262, 536.55, 104.71, 38, 53, 7, 16, 30, NULL, NULL, -0.5),
(357, 263, 571.99, 52.35, 38, 53, 4, 1, 30, NULL, NULL, -0.358372),
(358, 263, 585.66, 155.81, 38, 54, 0, 15, 30, NULL, NULL, 0.150115),
(359, 263, 588.15, 144.59, 38, 54, 1, 16, 30, NULL, NULL, -0.638447),
(360, 264, 601.21, 54.85, 38, 52, 0, 1, 30, NULL, NULL, 0.507801),
(361, 264, 522.87, 125.9, 38, 53, 6, 15, 30, NULL, NULL, -0.480764),
(362, 264, 639.75, 186.97, 38, 54, 4, 16, 30, NULL, NULL, 0.0193782),
(363, 265, 527.84, 30.66, 38, 50, 0, 16, 30, NULL, NULL, -0.5),
(364, 266, 625.45, 227.5, 38, 54, 5, 16, 43, NULL, NULL, -0.381275),
(365, 267, 622.34, 34.9, 38, 53, 3, 1, 30, NULL, NULL, 0.162889),
(366, 267, 612.4, 173.26, 38, 53, 8, 16, 30, NULL, NULL, 0.0883982),
(367, 267, 618.61, 149.58, 38, 55, 0, 8, 30, NULL, NULL, -0.5),
(368, 269, 592.5, 180.74, 38, 53, 5, 16, 30, NULL, NULL, 0.216408),
(369, 270, 631.05, 76.04, 38, 52, 2, 1, 30, NULL, NULL, 0.74204),
(370, 270, 603.69, 180.74, 38, 53, 5, 15, 30, NULL, NULL, 0.832854),
(371, 270, 660.89, 215.64, 38, 53, 7, 16, 30, NULL, NULL, 0.840796),
(372, 271, 639.75, 230.1, 38, 54, 2, 15, 30, NULL, NULL, -0.050525),
(373, 272, 609.91, 53.6, 38, 52, 2, 1, 30, NULL, NULL, 0.715673),
(374, 272, 662.13, 253.04, 38, 53, 8, 16, 30, NULL, NULL, 0.677986),
(375, 9, 518.52, 66.06, 33, 54, 8, 1, 30, NULL, NULL, NULL),
(376, 9, 487.43, 122.16, 33, 58, 7, 1, 43, NULL, NULL, NULL),
(377, 10, 289.1, 264.26, 33, 55, 2, 1, 30, NULL, NULL, NULL),
(378, 10, 483.08, 305.39, 33, 59, 6, 7, 43, NULL, NULL, NULL),
(379, 273, 539.03, 73.54, 38, 51, 5, 1, 30, NULL, NULL, -0.541014),
(380, 274, 625.45, 44.87, 38, 52, 2, 1, 30, NULL, NULL, 0.898134),
(381, 274, 49.74, 268, 38, 53, 4, 13, 30, NULL, NULL, -0.5),
(382, 274, 2.49, 211.9, 38, 54, 3, 16, 30, NULL, NULL, -0.5),
(383, 275, 573.85, 175.76, 38, 54, 0, 16, 30, NULL, NULL, -0.323915),
(384, 275, 642.24, 52.35, 38, 52, 3, 1, 30, NULL, NULL, 0.885633),
(385, 276, 616.13, 43.13, 38, 51, 5, 1, 30, NULL, NULL, 0.393025),
(386, 276, 607.42, 186.48, 38, 53, 7, 16, 30, NULL, NULL, 0.248367),
(387, 277, 612.4, 180.24, 38, 53, 6, 16, 30, NULL, NULL, 0.0443701),
(388, 277, 611.15, 181.49, 38, 53, 2, 15, 30, NULL, NULL, 0.977368),
(389, 277, 637.27, 29.42, 38, 52, 2, 1, 30, NULL, NULL, 0.669263),
(390, 278, 583.8, 64.82, 38, 50, 5, 1, 30, NULL, NULL, -0.5),
(391, 278, 578.82, 57.34, 38, 50, 6, 1, 30, NULL, NULL, -0.5),
(392, 278, 500.49, 61.08, 38, 50, 7, 8, 30, NULL, NULL, -0.5),
(393, 278, 525.36, 81.02, 38, 50, 8, 7, 30, NULL, NULL, -0.5),
(394, 278, 563.9, 68.56, 38, 50, 9, 1, 30, NULL, NULL, -0.5),
(395, 278, 565.15, 72.3, 38, 51, 0, 13, 30, NULL, NULL, -0.5),
(396, 278, 573.85, 27.42, 38, 51, 1, 5, 30, NULL, NULL, -0.5),
(397, 278, 560.17, 72.3, 38, 51, 4, 13, 30, NULL, NULL, -0.5),
(398, 278, 571.36, 57.34, 38, 51, 5, 7, 30, NULL, NULL, -0.5),
(399, 278, 654.67, 36.15, 38, 52, 2, 15, 30, NULL, NULL, 0.133248),
(400, 278, 621.1, 26.18, 38, 52, 4, 15, 30, NULL, NULL, -0.5),
(401, 24, 507.95, 219.38, 34, 2, 3, 1, 43, NULL, NULL, NULL),
(402, 24, 439.56, 256.78, 34, 4, 5, 1, 43, NULL, NULL, NULL),
(403, 24, 434.58, 339.05, 34, 6, 2, 1, 43, NULL, NULL, NULL),
(404, 279, 602.36, 54.93, 38, 52, 2, 1, 30, NULL, NULL, 0.622192),
(405, 279, 584.42, 206.85, 38, 53, 3, 15, 30, NULL, NULL, 0.56426),
(406, 279, 654.87, 241.38, 38, 53, 9, 16, 30, NULL, NULL, 0.787604),
(407, 26, 457.59, 224.37, 34, 3, 5, 7, 43, NULL, NULL, NULL),
(408, 26, 446.4, 240.57, 34, 4, 9, 1, 43, NULL, NULL, NULL),
(409, 26, 436.45, 254.29, 34, 6, 1, 1, 43, NULL, NULL, NULL),
(410, 26, 437.69, 344.03, 34, 7, 9, 1, 43, NULL, NULL, NULL),
(411, 280, 349.41, 326.71, 38, 51, 5, 1, 30, NULL, NULL, -0.5),
(412, 280, 292.21, 147.21, 38, 52, 7, 17, 43, NULL, NULL, -0.5),
(413, 280, 450.13, 129.14, 38, 52, 7, 1, 30, NULL, NULL, -0.5),
(414, 36, 402.25, 390.9, 34, 8, 1, 1, 43, NULL, NULL, NULL),
(415, 36, 305.27, 302.4, 34, 9, 2, 1, 43, NULL, NULL, NULL),
(416, 39, 386.09, 114.18, 34, 10, 3, 1, 30, NULL, NULL, NULL),
(417, 281, 597.48, 43.63, 38, 50, 6, 1, 30, NULL, NULL, -0.263),
(418, 281, 604.94, 149.58, 38, 50, 6, 13, 43, NULL, NULL, -0.5),
(419, 281, 458.21, 102.21, 38, 50, 6, 7, 30, NULL, NULL, -0.5),
(420, 281, 570.12, 167.03, 38, 53, 6, 13, 30, NULL, NULL, -0.207476),
(421, 281, 475.62, 140.85, 38, 54, 4, 1, 30, NULL, NULL, -0.5),
(422, 282, 648.46, 222.62, 38, 53, 8, 16, 30, NULL, NULL, 0.75617),
(423, 282, 598.72, 192.71, 38, 53, 3, 15, 30, NULL, NULL, 0.877787),
(424, 282, 573.85, 53.1, 38, 52, 2, 1, 30, NULL, NULL, 0.265283),
(425, 283, 594.99, 54.85, 38, 53, 3, 1, 30, NULL, NULL, -0.0199369),
(426, 283, 581.31, 164.54, 38, 53, 2, 15, 30, NULL, NULL, 0.59346),
(427, 283, 658.4, 243.07, 38, 53, 8, 16, 30, NULL, NULL, 0.846048),
(428, 286, 622.34, 19.45, 38, 52, 7, 1, 30, NULL, NULL, 0.282029),
(429, 286, 603.69, 177.75, 38, 53, 7, 16, 30, NULL, NULL, 0.21056),
(430, 287, 643.98, 27.24, 38, 53, 1, 1, 30, NULL, NULL, 0.169554),
(431, 287, 615.43, 183.86, 38, 53, 3, 15, 30, NULL, NULL, 0.898123),
(432, 287, 656.39, 209.97, 38, 53, 7, 16, 30, NULL, NULL, 0.717435),
(433, 89, 177.19, 236.34, 34, 37, 9, 8, 30, NULL, NULL, NULL),
(434, 89, 355, 160.3, 34, 35, 4, 1, 43, NULL, NULL, NULL),
(435, 89, 197.09, 201.43, 34, 38, 0, 1, 30, NULL, NULL, NULL),
(436, 89, 153.57, 268.75, 34, 37, 4, 8, 30, NULL, NULL, NULL),
(437, 89, 231.9, 225.12, 34, 38, 8, 1, 30, NULL, NULL, NULL),
(438, 67, 494.27, 190.22, 34, 23, 0, 1, 43, NULL, NULL, NULL),
(439, 290, 592.5, 43.13, 38, 50, 6, 1, 30, NULL, NULL, -0.324171),
(440, 290, 604.94, 75.54, 38, 50, 8, 8, 43, NULL, NULL, -0.5),
(441, 290, 594.99, 183.98, 38, 52, 4, 13, 30, NULL, NULL, -0.5),
(442, 290, 604.94, 175.26, 38, 53, 2, 15, 30, NULL, NULL, 0.936754),
(443, 290, 598.72, 180.24, 38, 55, 0, 16, 30, NULL, NULL, -0.68391),
(444, 291, 608.67, 177.75, 38, 53, 8, 16, 30, NULL, NULL, 0.162054),
(445, 291, 558.93, 41.88, 38, 50, 0, 1, 30, NULL, NULL, -0.5),
(446, 291, 613.64, 66.81, 38, 52, 1, 1, 30, NULL, NULL, 0.673994),
(447, 292, 440.8, 56.84, 38, 50, 8, 1, 30, NULL, NULL, -0.5),
(448, 292, 613.64, 188.97, 38, 53, 6, 1, 30, NULL, NULL, 0.258584),
(449, 292, 645.97, 235.09, 38, 54, 4, 16, 30, NULL, NULL, 0.443408),
(450, 294, 466.91, 149.58, 38, 50, 0, 1, 43, NULL, NULL, -0.5),
(451, 77, 185.9, 174.51, 34, 28, 2, 1, 30, NULL, NULL, NULL),
(452, 77, 225.69, 209.41, 34, 28, 3, 13, 30, NULL, NULL, NULL),
(453, 77, 272.94, 178.25, 34, 28, 4, 1, 30, NULL, NULL, NULL),
(454, 77, 495.51, 191.96, 34, 28, 5, 13, 30, NULL, NULL, NULL),
(455, 77, 611.15, 218.14, 34, 28, 6, 16, 30, NULL, NULL, NULL),
(456, 296, 553.33, 12.73, 38, 50, 1, 8, 30, NULL, NULL, -0.5),
(457, 296, 605.56, 169.77, 38, 53, 0, 1, 30, NULL, NULL, 0.250542),
(458, 296, 646.59, 220.88, 38, 54, 2, 16, 30, NULL, NULL, 0.498685),
(459, 297, 87.66, 324.09, 38, 50, 0, 1, 43, NULL, NULL, -0.5),
(460, 298, 465.67, 46.87, 38, 50, 0, 4, 30, NULL, NULL, -0.5),
(461, 298, 434.58, 75.54, 38, 50, 0, 5, 30, NULL, NULL, -0.5),
(462, 298, 459.45, 45.62, 38, 50, 0, 16, 30, NULL, NULL, -0.5),
(463, 298, 437.07, 56.84, 38, 50, 0, 13, 30, NULL, NULL, -0.5),
(464, 298, 442.04, 49.36, 38, 52, 2, 1, 30, NULL, NULL, -0.5),
(465, 298, 645.97, 213.9, 38, 54, 6, 16, 30, NULL, NULL, 0.238592),
(466, 5, 464.3, 364.97, 33, 56, 7, 4, 30, NULL, NULL, NULL),
(467, 5, 288.98, 264.03, 33, 54, 3, 1, 30, NULL, NULL, NULL),
(470, 23, 451.37, 221.88, 34, 3, 1, 1, 43, NULL, NULL, NULL),
(471, 23, 471.27, 213.15, 34, 4, 4, 1, 43, NULL, NULL, NULL),
(472, 300, 596.23, 37.39, 38, 52, 2, 1, 30, NULL, NULL, 0.492579),
(473, 300, 544.01, 59.83, 38, 54, 4, 1, 30, NULL, NULL, -0.5),
(474, 100, 260.5, 198.94, 34, 39, 7, 1, 30, NULL, NULL, NULL),
(475, 100, 274.18, 261.27, 34, 40, 5, 1, 30, NULL, NULL, NULL),
(476, 100, 294.07, 232.6, 34, 41, 5, 1, 30, NULL, NULL, NULL),
(477, 32, 440.8, 117.92, 34, 7, 6, 1, 43, NULL, NULL, NULL),
(478, 32, 428.37, 344.78, 34, 8, 6, 1, 43, NULL, NULL, NULL),
(479, 32, 294.07, 301.15, 34, 9, 6, 13, 43, NULL, NULL, NULL),
(483, 303, 641, 28.17, 38, 52, 3, 1, 30, NULL, NULL, 0.593007),
(484, 303, 602.45, 177.75, 38, 53, 7, 16, 30, NULL, NULL, 0.205367),
(485, 304, 555.2, 39.39, 38, 50, 9, 1, 30, NULL, NULL, -0.637888),
(486, 304, 525.36, 120.41, 38, 53, 3, 15, 30, NULL, NULL, -0.347218),
(487, 304, 655.92, 242.57, 38, 53, 9, 16, 30, NULL, NULL, 0.782763),
(488, 101, 305.27, 228.86, 34, 42, 5, 13, 43, NULL, NULL, NULL),
(489, 101, 240.61, 223.87, 34, 43, 8, 7, 43, NULL, NULL, NULL),
(490, 305, 615.51, 175.26, 38, 53, 2, 15, 30, NULL, NULL, 0.886481),
(491, 305, 647.84, 217.64, 38, 54, 3, 16, 30, NULL, NULL, 0.437459),
(492, 305, 632.91, 21.94, 38, 51, 7, 1, 30, NULL, NULL, 0.33098),
(493, 307, 626.07, 54.35, 38, 53, 2, 13, 30, NULL, NULL, -0.0272576),
(494, 307, 606.18, 171.52, 38, 53, 4, 16, 30, NULL, NULL, 0.282829),
(495, 62, 469.4, 186.48, 34, 22, 2, 8, 43, NULL, NULL, NULL),
(496, 62, 590.01, 182.74, 34, 24, 8, 1, 43, NULL, NULL, NULL),
(497, 308, 653.48, 228.68, 38, 55, 0, 16, 30, NULL, NULL, 0.279529),
(498, 308, 628.61, 110.84, 38, 55, 0, 1, 30, NULL, NULL, -0.5),
(499, 310, 582.55, 164.54, 38, 54, 6, 15, 30, NULL, NULL, -0.5),
(500, 310, 586.28, 64.82, 38, 50, 7, 8, 30, NULL, NULL, -0.840458),
(501, 310, 588.77, 181.99, 38, 53, 1, 1, 30, NULL, NULL, 0.248818),
(502, 310, 598.72, 164.54, 38, 54, 3, 16, 30, NULL, NULL, -0.465416),
(503, 311, 522.87, 368.46, 38, 50, 9, 7, 30, NULL, NULL, -0.5),
(504, 311, 103.83, 402.12, 38, 52, 4, 6, 30, NULL, NULL, -0.5),
(505, 311, 39.17, 220.13, 38, 53, 7, 16, 30, NULL, NULL, -0.5),
(506, 312, 496.76, 53.6, 38, 51, 7, 1, 30, NULL, NULL, -0.947909),
(507, 312, 611.15, 177, 38, 52, 7, 1, 30, NULL, NULL, 0.193889),
(508, 313, 656.54, 225.62, 38, 50, 0, 16, 30, NULL, NULL, -0.903029),
(509, 314, 613.64, 133.38, 38, 50, 0, 1, 30, NULL, NULL, -0.5),
(510, 315, 622.34, 59.33, 38, 52, 5, 1, 30, NULL, NULL, 0.775103),
(511, 315, 602.45, 171.52, 38, 53, 7, 16, 30, NULL, NULL, 0.123014),
(512, 316, 590.01, 72.3, 38, 52, 5, 1, 30, NULL, NULL, 0.277752),
(513, 316, 608.67, 174.51, 38, 53, 5, 16, 30, NULL, NULL, 0.27528),
(514, 317, 623.59, 48.61, 38, 52, 2, 1, 30, NULL, NULL, 0.920161),
(515, 317, 601.21, 189.47, 38, 53, 2, 15, 30, NULL, NULL, 0.971693),
(516, 317, 618.61, 196.95, 38, 53, 7, 16, 30, NULL, NULL, 0.290555),
(517, 318, 631.05, 51.85, 38, 52, 6, 1, 30, NULL, NULL, 0.790392),
(518, 318, 607.42, 169.03, 38, 53, 9, 16, 30, NULL, NULL, -0.0142453),
(519, 319, 515.41, 65.57, 38, 50, 0, 16, 30, NULL, NULL, -0.5),
(522, 321, 634.78, 44.87, 38, 52, 4, 1, 30, NULL, NULL, 0.826882),
(523, 321, 608.67, 169.52, 38, 53, 3, 13, 30, NULL, NULL, 0.292976),
(524, 321, 645.97, 246.81, 38, 54, 5, 16, 30, NULL, NULL, 0.305306),
(525, 322, 638.51, 44.38, 38, 52, 6, 1, 30, NULL, NULL, 0.701293),
(526, 322, 608.67, 185.23, 38, 53, 8, 16, 30, NULL, NULL, 0.196836),
(527, 323, 546.49, 132.13, 38, 53, 3, 1, 30, NULL, NULL, -0.55071),
(528, 323, 623.59, 210.66, 38, 54, 9, 16, 30, NULL, NULL, -0.164758),
(529, 324, 70.88, 378.94, 38, 50, 2, 1, 30, NULL, NULL, -0.5),
(530, 324, 29.84, 367.72, 38, 52, 2, 1, 30, NULL, NULL, -0.5),
(531, 324, 79.58, 258.03, 38, 53, 3, 15, 30, NULL, NULL, -0.5),
(532, 324, 84.55, 253.04, 38, 53, 9, 16, 30, NULL, NULL, -0.5),
(533, 325, 494.27, 220.63, 38, 50, 0, 1, 30, NULL, NULL, -0.5),
(534, 325, 221.96, 235.59, 38, 50, 0, 8, 43, NULL, NULL, -0.5),
(535, 325, 460.7, 133.38, 38, 50, 0, 6, 30, NULL, NULL, -0.5),
(537, 17, 456.97, 236.83, 33, 58, 8, 1, 43, NULL, NULL, NULL),
(538, 17, 527.84, 194.45, 34, 2, 3, 1, 43, NULL, NULL, NULL),
(539, 11, 470.64, 361.48, 33, 56, 3, 4, 30, NULL, NULL, NULL),
(541, 329, 639.75, 34.9, 38, 52, 1, 1, 30, NULL, NULL, 0.677821),
(543, 330, 590.01, 175.76, 38, 53, 2, 1, 30, NULL, NULL, -0.904353),
(544, 330, 602.45, 188.22, 38, 53, 6, 16, 30, NULL, NULL, 0.284487),
(545, 331, 566.39, 41.13, 38, 52, 2, 1, 30, NULL, NULL, 0.153457),
(546, 331, 592.5, 160.8, 38, 53, 2, 16, 30, NULL, NULL, 0.148749),
(547, 332, 568.88, 61.08, 38, 53, 6, 1, 30, NULL, NULL, -0.499343),
(548, 49, 120.61, 287.44, 34, 18, 6, 1, 30, NULL, NULL, NULL),
(549, 88, 633.54, 221.38, 34, 35, 3, 1, 30, NULL, NULL, NULL),
(550, 88, 221.96, 265.01, 34, 37, 9, 1, 30, NULL, NULL, NULL),
(551, 335, 608.67, 169.03, 38, 53, 2, 15, 30, NULL, NULL, 0.833216),
(552, 335, 658.4, 222.62, 38, 53, 7, 16, 30, NULL, NULL, 0.93452),
(553, 27, 403.5, 350.27, 34, 6, 8, 1, 43, NULL, NULL, NULL),
(554, 27, 460.7, 181.99, 34, 5, 1, 1, 43, NULL, NULL, NULL),
(555, 337, 213.87, 244.31, 38, 50, 0, 16, 30, NULL, NULL, -0.5),
(556, 338, 168.49, 186.97, 38, 50, 3, 1, 30, NULL, NULL, -0.5),
(557, 58, 580.69, 157.42, 34, 23, 5, 1, 30, NULL, NULL, NULL),
(558, 58, 606.8, 213.51, 34, 23, 9, 13, 30, NULL, NULL, NULL),
(559, 58, 632.91, 223.24, 34, 24, 0, 16, 30, NULL, NULL, NULL),
(560, 339, 624.83, 45.62, 38, 50, 0, 1, 30, NULL, NULL, -0.198055),
(561, 95, 247.95, 211.52, 34, 40, 5, 8, 30, NULL, NULL, NULL),
(562, 95, 252.9, 248.81, 34, 41, 0, 1, 30, NULL, NULL, NULL),
(563, 340, 601.32, 59.37, 38, 52, 7, 1, 30, NULL, NULL, 0.356205),
(564, 340, 511.79, 134.82, 38, 53, 8, 16, 30, NULL, NULL, -0.5),
(565, 341, 301.54, 236.83, 38, 50, 0, 1, 30, NULL, NULL, -0.5),
(566, 341, 21.76, 228.11, 38, 50, 0, 16, 30, NULL, NULL, -0.5),
(567, 341, 32.95, 174.51, 38, 50, 0, 6, 30, NULL, NULL, -0.5),
(568, 341, 54.09, 235.59, 38, 50, 0, 16, 30, NULL, NULL, -0.5),
(569, 342, 621.1, 29.92, 38, 52, 2, 1, 30, NULL, NULL, 0.649982),
(570, 342, 607.42, 165.78, 38, 53, 3, 16, 30, NULL, NULL, 0.213422),
(571, 48, 76.47, 314.12, 34, 14, 0, 13, 43, NULL, NULL, NULL),
(572, 343, 643.48, 188.97, 38, 53, 8, 16, 30, NULL, NULL, 0.362833),
(573, 344, 607.42, 38.14, 38, 53, 4, 1, 30, NULL, NULL, 0.0181853),
(574, 344, 603.69, 174.01, 38, 53, 5, 13, 30, NULL, NULL, 0.266942),
(575, 344, 660.89, 228.86, 38, 53, 8, 16, 30, NULL, NULL, 0.941008),
(576, 19, 537.79, 211.9, 33, 59, 2, 1, 43, NULL, NULL, NULL),
(577, 345, 599.96, 88, 38, 52, 4, 1, 30, NULL, NULL, 0.324061),
(578, 345, 599.96, 179, 38, 53, 3, 15, 30, NULL, NULL, 0.899815),
(579, 345, 662.13, 220.13, 38, 53, 8, 16, 30, NULL, NULL, 0.869799),
(583, 347, 604.31, 41.13, 38, 52, 2, 1, 30, NULL, NULL, 0.603819),
(584, 347, 580.07, 203.18, 38, 53, 2, 15, 30, NULL, NULL, 0.601322),
(585, 347, 636.02, 209.41, 38, 53, 6, 16, 30, NULL, NULL, 0.507982),
(586, 348, 622.34, 47.37, 38, 53, 3, 1, 30, NULL, NULL, 0.343559),
(587, 348, 596.23, 157.06, 38, 54, 0, 16, 30, NULL, NULL, -0.27422),
(588, 349, 623.59, 57.34, 38, 52, 2, 1, 30, NULL, NULL, 0.947278),
(589, 349, 604.94, 181.99, 38, 53, 2, 16, 30, NULL, NULL, 0.492151),
(590, 350, 57.2, 133.38, 38, 50, 0, 1, 30, NULL, NULL, -0.5),
(591, 350, 201.44, 82.27, 38, 51, 2, 15, 30, NULL, NULL, -0.5),
(592, 350, 518.52, 26.18, 38, 51, 8, 6, 30, NULL, NULL, -0.5),
(593, 31, 455.1, 350.27, 34, 8, 2, 1, 43, NULL, NULL, NULL),
(594, 351, 631.05, 47.37, 38, 52, 2, 1, 30, NULL, NULL, 0.957632),
(595, 351, 603.69, 195.7, 38, 53, 3, 15, 30, NULL, NULL, 0.876567),
(596, 351, 662.13, 219.38, 38, 53, 7, 16, 30, NULL, NULL, 0.908938),
(597, 31, 455.1, 350.27, 34, 8, 2, 1, 43, NULL, NULL, NULL),
(598, 352, 573.85, 56.09, 38, 51, 2, 7, 30, NULL, NULL, -0.5),
(599, 352, 636.02, 44.87, 38, 52, 5, 1, 30, NULL, NULL, 0.772511),
(600, 352, 594.99, 167.03, 38, 53, 8, 15, 30, NULL, NULL, 0.431568),
(601, 352, 647.21, 208.17, 38, 53, 7, 16, 30, NULL, NULL, 0.644079),
(602, 38, 527.22, 137.11, 34, 9, 0, 1, 30, NULL, NULL, NULL),
(603, 38, 594.37, 27.42, 34, 9, 0, 7, 43, NULL, NULL, NULL),
(604, 38, 527.22, 158.31, 34, 9, 0, 16, 30, NULL, NULL, NULL),
(605, 355, 582.24, 180.56, 38, 52, 8, 1, 30, NULL, NULL, -0.0077882),
(606, 355, 649.13, 218.99, 38, 53, 3, 16, 30, NULL, NULL, 0.5709),
(607, 87, 223.4, 272.7, 34, 37, 9, 1, 43, NULL, NULL, NULL),
(608, 87, 232.07, 273.94, 34, 37, 9, 8, 43, NULL, NULL, NULL),
(609, 356, 604.94, 230.1, 38, 54, 8, 16, 30, NULL, NULL, -0.285413),
(610, 357, 607.42, 51.11, 38, 50, 8, 8, 30, NULL, NULL, -0.5),
(611, 357, 619.86, 36.15, 38, 52, 2, 15, 30, NULL, NULL, 0.210962),
(612, 357, 597.48, 177, 38, 53, 2, 16, 30, NULL, NULL, 0.40792),
(613, 358, 630.43, 26.43, 38, 52, 2, 1, 30, NULL, NULL, 0.636131),
(614, 358, 593.12, 184.73, 38, 53, 3, 16, 30, NULL, NULL, 0.3393),
(615, 359, 623.59, 53.6, 38, 52, 3, 1, 30, NULL, NULL, 0.897325),
(616, 359, 654.67, 203.18, 38, 53, 8, 16, 30, NULL, NULL, 0.580115),
(617, 360, 331.38, 327.83, 38, 50, 0, 1, 30, NULL, NULL, -0.5),
(618, 360, 327.65, 77.28, 38, 50, 0, 13, 43, NULL, NULL, -0.5),
(619, 360, 641, 216.89, 38, 50, 0, 16, 43, NULL, NULL, -0.5),
(620, 361, 613.64, 47.37, 38, 52, 1, 1, 30, NULL, NULL, 0.692557),
(621, 361, 613.64, 190.71, 38, 53, 3, 16, 30, NULL, NULL, 0.398513),
(622, 8, 285.99, 264.26, 33, 54, 0, 1, 30, NULL, NULL, NULL),
(623, 8, 483.7, 321.6, 33, 56, 3, 8, 30, NULL, NULL, NULL),
(624, 8, 445.15, 255.53, 33, 58, 9, 1, 43, NULL, NULL, NULL),
(625, 83, 649.7, 13.71, 34, 35, 4, 6, 30, NULL, NULL, NULL),
(626, 79, 593.75, 195.2, 34, 30, 4, 13, 43, NULL, NULL, NULL),
(627, 79, 496.76, 92.99, 34, 32, 3, 8, 30, NULL, NULL, NULL),
(628, 79, 603.69, 171.52, 34, 29, 2, 1, 43, NULL, NULL, NULL),
(629, 79, 494.27, 140.36, 34, 32, 7, 7, 30, NULL, NULL, NULL),
(630, 79, 601.21, 187.72, 34, 29, 1, 7, 43, NULL, NULL, NULL),
(631, 44, 75.23, 302.4, 34, 14, 0, 1, 30, NULL, NULL, NULL),
(632, 44, 75.23, 302.4, 34, 14, 0, 1, 30, NULL, NULL, NULL),
(633, 362, 611.15, 66.06, 38, 51, 6, 1, 30, NULL, NULL, 0.401147),
(634, 362, 567.63, 201.93, 38, 52, 4, 13, 30, NULL, NULL, -0.428001),
(635, 362, 643.48, 214.4, 38, 53, 2, 16, 30, NULL, NULL, 0.419697),
(636, 363, 54.09, 388.41, 38, 52, 3, 1, 30, NULL, NULL, -0.5),
(637, 363, 31.71, 274.98, 38, 53, 5, 15, 30, NULL, NULL, -0.5),
(638, 363, 4.35, 215.15, 38, 54, 2, 16, 30, NULL, NULL, -0.5),
(639, 364, 650.32, 227.11, 38, 50, 0, 1, 30, NULL, NULL, -0.5),
(640, 364, 645.35, 219.63, 38, 50, 0, 13, 30, NULL, NULL, -0.5),
(641, 364, 654.05, 228.36, 38, 50, 0, 16, 30, NULL, NULL, -0.914478),
(642, 364, 652.81, 224.62, 38, 50, 0, 15, 30, NULL, NULL, -0.5),
(643, 364, 661.51, 224.11, 38, 50, 0, 7, 30, NULL, NULL, -0.5),
(644, 40, 71.5, 276.72, 34, 13, 8, 1, 30, NULL, NULL, NULL),
(645, 40, 175.95, 255.53, 34, 11, 0, 1, 30, NULL, NULL, NULL),
(646, 366, 599.34, 194.07, 38, 54, 0, 16, 30, NULL, NULL, 0.0196087),
(647, 366, 589.39, 175.42, 38, 54, 0, 16, 30, NULL, NULL, -0.313101),
(649, 368, 633.54, 61.83, 38, 52, 2, 1, 30, NULL, NULL, 0.974063),
(650, 368, 603.69, 177.75, 38, 53, 2, 15, 30, NULL, NULL, 0.96056),
(651, 368, 663.38, 233.84, 38, 53, 7, 16, 30, NULL, NULL, 0.996004),
(652, 370, 549.6, 21.19, 38, 53, 8, 1, 30, NULL, NULL, -0.922227),
(656, 372, 591.88, 164.54, 38, 54, 4, 16, 30, NULL, NULL, -0.415897),
(657, 373, 607.42, 51.11, 38, 52, 2, 1, 30, NULL, NULL, 0.680834),
(658, 373, 599.96, 185.73, 38, 53, 3, 15, 30, NULL, NULL, 0.923749),
(659, 373, 654.67, 220.63, 38, 53, 6, 16, 30, NULL, NULL, 0.826667),
(660, 373, 591.26, 42.38, 38, 50, 7, 8, 30, NULL, NULL, -0.5),
(661, 374, 611.15, 43.63, 38, 50, 8, 1, 30, NULL, NULL, -0.00598044),
(662, 374, 602.45, 185.73, 38, 53, 3, 1, 30, NULL, NULL, 0.43998),
(663, 374, 606.18, 205.67, 38, 54, 7, 16, 30, NULL, NULL, -0.288036),
(664, 375, 639.75, 44.87, 38, 52, 2, 1, 30, NULL, NULL, 0.897777),
(665, 375, 607.42, 184.48, 38, 53, 2, 15, 30, NULL, NULL, 0.999042),
(666, 375, 662.13, 208.17, 38, 53, 6, 16, 30, NULL, NULL, 0.659659),
(667, 18, 437.07, 223.87, 33, 59, 0, 1, 43, NULL, NULL, NULL),
(668, 18, 512.92, 222.62, 34, 2, 2, 1, 43, NULL, NULL, NULL),
(670, 377, 611.15, 153.75, 38, 53, 5, 16, 30, NULL, NULL, -0.0476699),
(671, 378, 289.72, 79.78, 38, 50, 1, 1, 30, NULL, NULL, -0.5),
(672, 378, 366.82, 145.84, 38, 52, 6, 1, 30, NULL, NULL, -0.5),
(673, 378, 549.6, 213.15, 38, 53, 5, 16, 30, NULL, NULL, -0.441474),
(674, 12, 453.24, 302.4, 33, 56, 2, 8, 43, NULL, NULL, NULL),
(675, 12, 417.18, 281.21, 33, 58, 7, 1, 43, NULL, NULL, NULL),
(676, 379, 594.37, 42.38, 38, 50, 9, 1, 30, NULL, NULL, -0.5),
(677, 379, 598.1, 159.55, 38, 53, 6, 16, 30, NULL, NULL, -0.266105),
(678, 379, 644.1, 28.67, 38, 51, 9, 1, 30, NULL, NULL, 0.485477),
(679, 379, 604.31, 155.81, 38, 53, 3, 15, 30, NULL, NULL, 0.581555),
(680, 380, 630.43, 31.16, 38, 52, 1, 1, 30, NULL, NULL, 0.645063),
(681, 380, 606.8, 180.74, 38, 53, 3, 15, 30, NULL, NULL, 0.937422),
(682, 380, 496.13, 37.39, 38, 51, 7, 1, 30, NULL, NULL, -0.5),
(683, 380, 654.05, 228.11, 38, 53, 8, 16, 30, NULL, NULL, 0.884552),
(684, 61, 459.45, 170.27, 34, 22, 2, 8, 43, NULL, NULL, NULL),
(685, 71, 575.09, 210.16, 34, 25, 1, 1, 43, NULL, NULL, NULL),
(686, 71, 577.58, 207.67, 34, 29, 5, 1, 43, NULL, NULL, NULL),
(687, 381, 594.99, 117.92, 38, 50, 0, 16, 43, NULL, NULL, -0.5),
(688, 383, 627.94, 39.89, 38, 52, 2, 1, 30, NULL, NULL, 0.835028),
(689, 383, 611.78, 181.99, 38, 53, 8, 16, 30, NULL, NULL, 0.175564),
(690, 384, 60.93, 387.16, 38, 50, 0, 4, 30, NULL, NULL, -0.5),
(691, 59, 555.82, 22.25, 34, 19, 0, 4, 30, NULL, NULL, NULL),
(692, 386, 327.65, 226.86, 38, 50, 0, 8, 30, NULL, NULL, -0.5),
(693, 386, 335.11, 221.88, 38, 50, 0, 1, 30, NULL, NULL, -0.5),
(694, 387, 592.5, 58.59, 38, 51, 7, 1, 30, NULL, NULL, 0.247475),
(695, 387, 572.61, 209.41, 38, 52, 3, 1, 30, NULL, NULL, -0.5),
(696, 387, 619.86, 239.33, 38, 53, 2, 15, 30, NULL, NULL, 0.302952),
(697, 387, 654.67, 260.52, 38, 53, 8, 16, 30, NULL, NULL, 0.567962),
(699, 388, 577.58, 149.08, 38, 53, 2, 1, 30, NULL, NULL, -0.0778628),
(701, 389, 609.91, 48.11, 38, 52, 2, 1, 30, NULL, NULL, 0.702103),
(702, 389, 599.96, 167.78, 38, 53, 2, 16, 30, NULL, NULL, 0.28404),
(703, 390, 611.15, 190.71, 38, 54, 7, 16, 30, NULL, NULL, -0.282889),
(704, 391, 639.75, 198.19, 38, 54, 4, 16, 30, NULL, NULL, 0.138354),
(705, 4, 285.37, 260.02, 33, 54, 2, 1, 30, NULL, NULL, NULL),
(706, 392, 637.27, 201.93, 38, 53, 7, 16, 30, NULL, NULL, 0.505235),
(707, 392, 548.98, 29.92, 38, 52, 2, 1, 30, NULL, NULL, -0.0926782),
(708, 392, 540.28, 137.11, 38, 53, 3, 15, 30, NULL, NULL, -0.0722608),
(709, 393, 540.28, 183.24, 38, 50, 6, 15, 43, NULL, NULL, -0.5),
(711, 51, 123.72, 268.75, 34, 19, 3, 1, 30, NULL, NULL, NULL),
(712, 396, 499.24, 23.68, 38, 50, 7, 8, 30, NULL, NULL, -0.5),
(713, 396, 642.24, 29.92, 38, 52, 2, 1, 30, NULL, NULL, 0.658677),
(714, 396, 606.18, 186.97, 38, 53, 2, 8, 30, NULL, NULL, 0.498028),
(715, 396, 613.64, 181.99, 38, 53, 7, 16, 30, NULL, NULL, 0.120775),
(716, 397, 636.02, 54.85, 38, 52, 7, 1, 30, NULL, NULL, 0.742371),
(717, 397, 607.42, 170.77, 38, 53, 7, 15, 30, NULL, NULL, 0.619054),
(718, 397, 607.42, 173.26, 38, 53, 7, 16, 30, NULL, NULL, -0.0114564),
(719, 400, 204.55, 216.89, 38, 53, 8, 16, 30, NULL, NULL, -0.5),
(720, 401, 607.01, 47.1, 38, 50, 9, 1, 30, NULL, NULL, -0.5),
(721, 401, 636.75, 26.03, 38, 52, 9, 1, 30, NULL, NULL, 0.27845),
(722, 401, 607.01, 184.69, 38, 53, 5, 16, 30, NULL, NULL, 0.349613),
(723, 403, 618.61, 39.39, 38, 51, 7, 8, 30, NULL, NULL, -0.0161666),
(724, 403, 591.26, 176.5, 38, 53, 4, 15, 30, NULL, NULL, 0.708944),
(725, 403, 612.4, 195.2, 38, 53, 9, 16, 30, NULL, NULL, 0.114989),
(726, 404, 645.97, 29.92, 38, 52, 1, 1, 30, NULL, NULL, 0.589535),
(727, 404, 614.88, 173.26, 38, 53, 6, 16, 30, NULL, NULL, 0.166016),
(728, 405, 638.51, 53.6, 38, 52, 2, 1, 30, NULL, NULL, 0.97586),
(729, 405, 583.8, 204.43, 38, 53, 3, 15, 30, NULL, NULL, 0.578964),
(730, 405, 652.19, 223.12, 38, 54, 0, 16, 30, NULL, NULL, 0.724104),
(731, 405, 479.35, 61.08, 38, 50, 9, 7, 30, NULL, NULL, -0.5),
(732, 406, 632.29, 56.09, 38, 52, 0, 1, 30, NULL, NULL, 0.899699),
(733, 406, 604.94, 159.55, 38, 52, 8, 15, 30, NULL, NULL, 0.478717),
(734, 406, 654.67, 204.43, 38, 52, 9, 16, 30, NULL, NULL, 0.244952),
(735, 407, 645.97, 27.42, 38, 52, 1, 1, 30, NULL, NULL, 0.561587),
(736, 407, 616.13, 173.26, 38, 53, 6, 16, 30, NULL, NULL, 0.151821),
(737, 408, 631.05, 26.18, 38, 52, 7, 1, 30, NULL, NULL, 0.383501),
(738, 408, 580.07, 140.85, 38, 53, 8, 13, 30, NULL, NULL, -0.444948),
(739, 408, 643.48, 218.14, 38, 54, 1, 16, 30, NULL, NULL, 0.497531),
(740, 46, 123.72, 317.36, 34, 13, 0, 1, 30, NULL, NULL, NULL),
(741, 14, 413.76, 239.23, 33, 58, 7, 1, 30, NULL, NULL, NULL),
(742, 14, 502.96, 183.45, 34, 0, 9, 1, 30, NULL, NULL, NULL),
(743, 409, 69.91, 249.98, 38, 50, 0, 1, 30, NULL, NULL, -0.5),
(745, 72, 585.04, 240.1, 34, 27, 2, 7, 43, NULL, NULL, NULL),
(746, 72, 597.48, 238.83, 34, 27, 2, 7, 43, NULL, NULL, NULL),
(747, 72, 571.36, 216.39, 34, 27, 2, 5, 43, NULL, NULL, NULL),
(748, 13, 484.32, 327.83, 33, 56, 2, 8, 43, NULL, NULL, NULL),
(749, 13, 438.31, 284.2, 33, 58, 6, 1, 43, NULL, NULL, NULL),
(750, 80, 587.53, 64.82, 0, 0, 0, 1, 30, NULL, NULL, NULL),
(751, 53, 124.29, 303.69, 34, 18, 8, 1, 30, NULL, NULL, NULL),
(752, 20, 515.41, 196.45, 34, 2, 3, 1, 43, NULL, NULL, NULL),
(753, 20, 448.26, 268.75, 34, 4, 6, 1, 43, NULL, NULL, NULL),
(754, 6, 289.1, 265.5, 33, 54, 3, 1, 30, NULL, NULL, NULL),
(755, 6, 499.24, 284.2, 33, 56, 3, 8, 43, NULL, NULL, NULL),
(756, 7, 286.61, 260.52, 33, 54, 1, 1, 30, NULL, NULL, NULL),
(757, 7, 455.72, 321.6, 33, 56, 2, 8, 43, NULL, NULL, NULL),
(758, 7, 468.16, 326.58, 33, 56, 3, 4, 30, NULL, NULL, NULL),
(759, 92, 213.25, 258.77, 34, 37, 9, 8, 30, NULL, NULL, NULL),
(760, 92, 209.52, 257.53, 34, 37, 9, 1, 30, NULL, NULL, NULL),
(761, 92, 249.31, 235.09, 34, 39, 6, 1, 30, NULL, NULL, NULL),
(762, 92, 272.94, 269.99, 34, 40, 5, 1, 30, NULL, NULL, NULL),
(763, 29, 398.52, 276.72, 34, 4, 4, 1, 43, NULL, NULL, NULL),
(764, 29, 372.41, 366.47, 34, 6, 2, 1, 43, NULL, NULL, NULL),
(765, 29, 281.64, 269.24, 34, 8, 0, 1, 43, NULL, NULL, NULL),
(766, 96, 216.98, 255.03, 34, 38, 0, 8, 30, NULL, NULL, NULL),
(767, 96, 233.15, 202.68, 34, 39, 6, 1, 30, NULL, NULL, NULL),
(768, 96, 246.82, 232.6, 34, 40, 4, 1, 30, NULL, NULL, NULL),
(769, 96, 305.27, 215.15, 34, 42, 0, 8, 43, NULL, NULL, NULL),
(771, 412, 640.37, 46.12, 38, 52, 2, 1, 30, NULL, NULL, 0.90755),
(772, 412, 609.29, 191.96, 38, 53, 2, 16, 30, NULL, NULL, 0.466375),
(773, 68, 211.39, 159.55, 34, 27, 6, 1, 43, NULL, NULL, NULL),
(774, 65, 502.97, 164.04, 34, 22, 4, 1, 43, NULL, NULL, NULL),
(775, 60, 578.2, 218.89, 34, 24, 4, 8, 43, NULL, NULL, NULL),
(776, 60, 462.56, 203.93, 34, 22, 0, 7, 43, NULL, NULL, NULL),
(777, 93, 244.96, 231.85, 34, 39, 9, 1, 30, NULL, NULL, NULL),
(778, 413, 598.72, 122.9, 38, 50, 0, 1, 43, NULL, NULL, -0.5),
(779, 413, 604.94, 107.95, 38, 50, 0, 1, 43, NULL, NULL, -0.5);
INSERT INTO `Event` (`EventId`, `TaskId`, `trackedPointX`, `trackedPointY`, `min`, `sec`, `msec`, `type_id`, `team_id`, `player_id`, `period_id`, `rating`) VALUES
(780, 413, 593.75, 106.7, 38, 50, 0, 8, 43, NULL, NULL, -0.5),
(781, 413, 602.45, 109.19, 38, 50, 0, 15, 43, NULL, NULL, -0.5),
(782, 413, 580.07, 49.36, 38, 51, 4, 4, 43, NULL, NULL, -0.5),
(783, 413, 599.96, 159.05, 38, 54, 4, 16, 30, NULL, NULL, -0.436823),
(784, 413, 624.83, 41.88, 38, 54, 1, 1, 30, NULL, NULL, -0.102799),
(785, 43, 274.8, 281.71, 34, 11, 7, 13, 43, NULL, NULL, NULL),
(786, 43, 281.02, 285.45, 34, 11, 7, 8, 43, NULL, NULL, NULL),
(787, 43, 89.53, 300.41, 34, 11, 7, 1, 43, NULL, NULL, NULL),
(788, 69, 578.82, 221.38, 34, 28, 8, 1, 30, NULL, NULL, NULL),
(789, 414, 628.56, 47.37, 38, 52, 2, 1, 30, NULL, NULL, 0.948995),
(790, 414, 644.73, 201.93, 38, 54, 5, 16, 30, NULL, NULL, 0.162127),
(791, 415, 475.62, 200.69, 38, 53, 4, 7, 30, NULL, NULL, -0.5),
(792, 69, 578.82, 221.38, 34, 28, 8, 1, 30, NULL, NULL, NULL),
(793, 69, 578.82, 221.38, 34, 28, 8, 1, 30, NULL, NULL, NULL),
(794, 69, 578.82, 221.38, 34, 28, 8, 1, 30, NULL, NULL, NULL),
(795, 69, 578.82, 221.38, 34, 28, 8, 1, 30, NULL, NULL, NULL),
(796, 69, 578.82, 221.38, 34, 28, 8, 1, 30, NULL, NULL, NULL),
(797, 15, 504.22, 178.25, 34, 0, 8, 1, 43, NULL, NULL, NULL),
(798, 15, 448.26, 214.4, 34, 1, 8, 1, 43, NULL, NULL, NULL),
(799, 416, 645.97, 21.19, 38, 52, 3, 1, 30, NULL, NULL, 0.490087),
(800, 416, 586.28, 170.77, 38, 54, 4, 16, 30, NULL, NULL, -0.579321),
(801, 416, 593.75, 174.51, 38, 53, 2, 13, 30, NULL, NULL, -0.5),
(802, 416, 601.21, 167.03, 38, 53, 3, 15, 30, NULL, NULL, 0.726465),
(803, 416, 602.45, 150.83, 38, 53, 2, 8, 30, NULL, NULL, -0.5),
(804, 417, 631.05, 62.32, 38, 53, 1, 1, 30, NULL, NULL, 0.519125),
(805, 417, 586.28, 139.61, 38, 53, 7, 15, 30, NULL, NULL, 0.12688),
(806, 418, 612.4, 73.54, 38, 50, 0, 1, 43, NULL, NULL, -0.938683),
(807, 419, 631.05, 69.8, 38, 53, 0, 1, 30, NULL, NULL, 0.470015),
(808, 419, 655.92, 213.15, 38, 54, 9, 16, 30, NULL, NULL, 0.154786),
(809, 99, 419.66, 104.71, 34, 39, 6, 1, 30, NULL, NULL, NULL),
(810, 99, 5.6, 145.84, 34, 43, 3, 13, 43, NULL, NULL, NULL),
(811, 99, 455.72, 3.74, 34, 43, 9, 5, 43, NULL, NULL, NULL),
(812, 420, 351.27, 351.51, 38, 50, 0, 1, 43, NULL, NULL, -0.5),
(813, 421, 627.32, 28.17, 38, 53, 2, 1, 30, NULL, NULL, 0.152596),
(814, 421, 604.94, 167.78, 38, 53, 9, 16, 30, NULL, NULL, -0.0412471),
(815, 422, 333.24, 236.83, 38, 51, 2, 1, 30, NULL, NULL, -0.5),
(816, 422, 348.16, 307.89, 38, 51, 2, 15, 43, NULL, NULL, -0.5),
(817, 422, 382.98, 199.44, 38, 51, 2, 13, 30, NULL, NULL, -0.5),
(818, 422, 343.19, 327.83, 38, 51, 2, 16, 43, NULL, NULL, -0.5),
(819, 422, 324.54, 220.63, 38, 51, 2, 7, 30, NULL, NULL, -0.5),
(820, 422, 345.68, 277.97, 38, 51, 2, 6, 43, NULL, NULL, -0.5),
(821, 422, 235.01, 304.15, 38, 51, 2, 5, 30, NULL, NULL, -0.5),
(822, 422, 329.51, 236.83, 38, 51, 2, 7, 30, NULL, NULL, -0.5),
(823, 422, 343.19, 251.79, 38, 51, 2, 13, 30, NULL, NULL, -0.5),
(824, 423, 332.62, 228.11, 38, 50, 0, 13, 43, NULL, NULL, -0.5),
(825, 423, 291.59, 215.64, 38, 50, 0, 1, 43, NULL, NULL, -0.5),
(826, 423, 251.8, 239.33, 38, 50, 0, 8, 43, NULL, NULL, -0.5),
(827, 423, 159.78, 311.62, 38, 50, 0, 13, 43, NULL, NULL, -0.5),
(828, 423, 289.1, 264.26, 38, 50, 0, 15, 43, NULL, NULL, -0.5),
(829, 423, 31.71, 246.81, 38, 50, 0, 16, 43, NULL, NULL, -0.5),
(830, 423, 407.23, 334.06, 38, 50, 0, 7, 43, NULL, NULL, -0.5),
(831, 423, 583.8, 188.22, 38, 50, 0, 4, 43, NULL, NULL, -0.5),
(832, 423, 156.05, 421.32, 38, 50, 0, 17, 43, NULL, NULL, -0.5),
(833, 423, 34.19, 71.05, 38, 50, 0, 5, 43, NULL, NULL, -0.5),
(834, 423, 13.06, 435.03, 38, 50, 0, 6, 43, NULL, NULL, -0.5),
(835, 33, 417.18, 363.98, 34, 7, 8, 1, 43, NULL, NULL, NULL),
(836, 3, 290.34, 269.99, 33, 54, 9, 1, 30, NULL, NULL, NULL),
(837, 16, 442.04, 259.27, 33, 58, 8, 1, 43, NULL, NULL, NULL),
(838, 16, 502.97, 206.92, 34, 2, 3, 1, 43, NULL, NULL, NULL),
(839, 2, 312.1, 274.69, 33, 54, 0, 1, 30, NULL, NULL, NULL),
(840, 66, 563.9, 231.85, 34, 25, 9, 1, 43, NULL, NULL, NULL),
(841, 54, 154.81, 274.98, 34, 18, 8, 1, 30, NULL, NULL, NULL),
(842, 424, 547.74, 115.43, 38, 54, 5, 16, 30, NULL, NULL, -0.5),
(843, 424, 594.99, 34.4, 38, 52, 5, 1, 30, NULL, NULL, 0.311406),
(844, 425, 629.81, 51.85, 38, 52, 6, 1, 30, NULL, NULL, 0.787059),
(845, 425, 607.42, 190.22, 38, 53, 7, 16, 30, NULL, NULL, 0.233687),
(846, 97, 253.66, 201.43, 34, 39, 9, 1, 30, NULL, NULL, NULL),
(847, 97, 264.85, 256.28, 34, 40, 3, 1, 30, NULL, NULL, NULL),
(848, 97, 261.12, 210.16, 34, 43, 0, 8, 43, NULL, NULL, NULL),
(849, 426, 621.1, 49.86, 38, 52, 1, 1, 30, NULL, NULL, 0.848031),
(850, 426, 604.94, 177, 38, 53, 2, 15, 30, NULL, NULL, 0.956503),
(851, 428, 333.24, 390.15, 38, 50, 0, 7, 30, NULL, NULL, -0.5),
(852, 428, 33.57, 216.89, 38, 50, 0, 16, 30, NULL, NULL, -0.5),
(853, 30, 277.29, 291.68, 34, 9, 8, 15, 43, NULL, NULL, NULL),
(855, 429, 585.04, 178.25, 38, 54, 8, 16, 30, NULL, NULL, -0.581054),
(856, 430, 581.31, 186.97, 38, 53, 9, 16, 30, NULL, NULL, -0.270383),
(857, 430, 578.82, 184.48, 38, 53, 3, 15, 30, NULL, NULL, 0.604879),
(858, 98, 250.55, 194.45, 34, 40, 2, 1, 30, NULL, NULL, NULL),
(859, 98, 265.48, 241.82, 34, 41, 1, 1, 30, NULL, NULL, NULL),
(860, 98, 315.21, 224.37, 34, 42, 6, 1, 43, NULL, NULL, NULL),
(861, 73, 596.23, 180.24, 34, 30, 7, 1, 30, NULL, NULL, NULL),
(862, 56, 133.67, 292.43, 34, 18, 8, 1, 30, NULL, NULL, NULL),
(863, 56, 483.08, 203.93, 34, 22, 1, 8, 43, NULL, NULL, NULL),
(864, 94, 270.45, 241.32, 34, 39, 7, 1, 30, NULL, NULL, NULL),
(865, 94, 277.91, 257.53, 34, 40, 5, 1, 30, NULL, NULL, NULL),
(866, 94, 305.27, 238.83, 34, 42, 0, 8, 43, NULL, NULL, NULL),
(867, 37, 396.04, 319.1, 34, 8, 0, 13, 43, NULL, NULL, NULL),
(868, 86, 207.03, 293.68, 34, 37, 9, 8, 30, NULL, NULL, NULL),
(869, 90, 198.54, 263.66, 34, 37, 9, 8, 30, NULL, NULL, NULL),
(870, 90, 249.52, 238.8, 34, 39, 6, 1, 30, NULL, NULL, NULL),
(871, 431, 587.53, 230.1, 38, 50, 0, 13, 30, NULL, NULL, -0.5),
(872, 432, 345.06, 349.79, 38, 50, 1, 1, 30, NULL, NULL, -0.5),
(873, 433, 438.31, 64.82, 38, 54, 0, 1, 30, NULL, NULL, -0.5),
(874, 435, 643.48, 54.35, 38, 52, 7, 1, 30, NULL, NULL, 0.674974),
(875, 435, 604.94, 183.98, 38, 53, 8, 16, 30, NULL, NULL, 0.197685),
(876, 436, 572.61, 82.27, 38, 50, 0, 1, 30, NULL, NULL, -0.921125),
(877, 436, 603.69, 152.07, 38, 50, 0, 16, 30, NULL, NULL, -0.5),
(878, 436, 585.04, 266.75, 38, 50, 0, 15, 30, NULL, NULL, -0.5),
(879, 436, 606.18, 150.83, 38, 50, 6, 7, 30, NULL, NULL, -0.5),
(880, 436, 612.4, 198.19, 38, 50, 6, 15, 30, NULL, NULL, -0.427651),
(881, 437, 575.09, 32.41, 38, 50, 7, 1, 30, NULL, NULL, -0.5),
(882, 437, 573.85, 51.11, 38, 51, 5, 7, 30, NULL, NULL, -0.5),
(883, 437, 599.96, 42.38, 38, 52, 2, 1, 30, NULL, NULL, 0.560691),
(884, 437, 612.4, 81.02, 38, 52, 4, 8, 30, NULL, NULL, -0.5),
(885, 437, 588.77, 170.77, 38, 53, 3, 15, 30, NULL, NULL, 0.664946),
(886, 437, 637.27, 213.15, 38, 53, 7, 16, 30, NULL, NULL, 0.598325),
(887, 438, 614.26, 51.11, 38, 53, 2, 13, 30, NULL, NULL, -0.221591),
(888, 438, 584.42, 184.48, 38, 53, 3, 15, 30, NULL, NULL, 0.674849),
(889, 438, 659.03, 230.6, 38, 53, 7, 16, 30, NULL, NULL, 0.985675),
(890, 438, 588.15, 179.5, 38, 53, 5, 8, 43, NULL, NULL, -0.5),
(891, 439, 629.81, 55.59, 38, 53, 0, 1, 30, NULL, NULL, 0.595194),
(892, 439, 608.67, 183.98, 38, 54, 2, 16, 30, NULL, NULL, -0.00410962),
(893, 440, 545.25, 108.45, 38, 53, 3, 16, 30, NULL, NULL, -0.776903),
(894, 442, 356.25, 228.11, 38, 50, 0, 1, 43, NULL, NULL, -0.5),
(895, 443, 596.23, 180.74, 38, 54, 8, 16, 30, NULL, NULL, -0.377386),
(896, 444, 460.7, 144.59, 38, 50, 5, 4, 30, NULL, NULL, -0.5),
(897, 444, 229.42, 352.76, 38, 50, 5, 8, 43, NULL, NULL, -0.5),
(898, 444, 300.29, 325.34, 38, 52, 7, 13, 30, NULL, NULL, -0.5),
(899, 444, 64.04, 183.24, 38, 52, 7, 16, 30, NULL, NULL, -0.5),
(900, 445, 136.16, 29.92, 38, 53, 2, 1, 30, NULL, NULL, -0.5),
(901, 445, 60.31, 186.97, 38, 53, 7, 16, 30, NULL, NULL, -0.5),
(903, 447, 592.5, 184.48, 38, 53, 7, 16, 30, NULL, NULL, 0.128563),
(904, 448, 563.28, 26.18, 38, 50, 7, 1, 30, NULL, NULL, -0.5),
(905, 448, 611.78, 22.44, 38, 52, 2, 1, 30, NULL, NULL, 0.512186),
(906, 448, 650.32, 226.86, 38, 53, 9, 16, 30, NULL, NULL, 0.77456),
(907, 448, 537.17, 124.65, 38, 53, 3, 15, 30, NULL, NULL, -0.199937),
(908, 448, 656.54, 213.15, 38, 55, 0, 16, 30, NULL, NULL, -0.5),
(910, 449, 559.55, 49.38, 38, 50, 1, 1, 30, NULL, NULL, -0.966033),
(911, 449, 600.58, 156.58, 38, 53, 1, 13, 30, NULL, NULL, 0.0847555),
(912, 449, 631.67, 242.59, 38, 53, 7, 16, 30, NULL, NULL, 0.574939),
(913, 450, 572.61, 41.13, 38, 50, 4, 1, 30, NULL, NULL, -0.670729),
(914, 450, 598.72, 169.52, 38, 53, 3, 1, 30, NULL, NULL, -0.5),
(915, 450, 604.94, 175.76, 38, 53, 5, 13, 30, NULL, NULL, 0.292817),
(916, 450, 659.65, 244.31, 38, 53, 8, 16, 30, NULL, NULL, 0.834304),
(917, 63, 486.81, 125.9, 34, 21, 7, 1, 43, NULL, NULL, NULL),
(918, 63, 590.01, 199.44, 34, 24, 1, 1, 43, NULL, NULL, NULL),
(919, 57, 77.72, 257.53, 34, 22, 4, 13, 30, NULL, NULL, NULL),
(920, 57, 453.24, 185.23, 34, 22, 8, 1, 30, NULL, NULL, NULL),
(921, 451, 290.34, 228.11, 38, 50, 0, 1, 30, NULL, NULL, -0.5),
(922, 451, 369.93, 297.91, 38, 50, 0, 8, 43, NULL, NULL, -0.5),
(923, 451, 274.18, 133.38, 38, 50, 0, 13, 30, NULL, NULL, -0.5),
(924, 451, 382.36, 272.98, 38, 50, 0, 15, 43, NULL, NULL, -0.5),
(925, 451, 575.09, 195.7, 38, 50, 0, 16, 30, NULL, NULL, -0.5),
(926, 22, 517.55, 194.6, 34, 2, 2, 1, 43, NULL, NULL, NULL),
(927, 22, 430.51, 308.96, 34, 5, 2, 1, 43, NULL, NULL, NULL),
(928, 22, 505.12, 199.57, 34, 1, 2, 8, 43, NULL, NULL, NULL),
(929, 452, 624.83, 44.87, 38, 53, 1, 1, 30, NULL, NULL, -0.5),
(930, 452, 587.53, 155.81, 38, 54, 7, 15, 30, NULL, NULL, -0.5),
(931, 452, 596.23, 158.31, 38, 54, 1, 16, 30, NULL, NULL, -0.443337),
(932, 452, 644.73, 44.87, 38, 52, 3, 1, 30, NULL, NULL, 0.787643),
(933, 452, 594.99, 155.81, 38, 53, 7, 15, 30, NULL, NULL, 0.355704),
(934, 454, 611.15, 46.87, 38, 52, 5, 1, 30, NULL, NULL, 0.561406),
(935, 454, 613.64, 183.98, 38, 53, 3, 16, 30, NULL, NULL, 0.416474),
(936, 456, 604.31, 179.5, 38, 54, 8, 1, 30, NULL, NULL, -0.32316),
(937, 456, 605.56, 200.69, 38, 54, 8, 16, 30, NULL, NULL, -0.372217),
(938, 456, 655.3, 201.93, 38, 54, 8, 15, 30, NULL, NULL, -0.5),
(939, 457, 626.42, 28.59, 38, 52, 1, 1, 30, NULL, NULL, 0.605412),
(940, 457, 653.78, 223.74, 38, 54, 5, 16, 30, NULL, NULL, 0.50165),
(941, 458, 642.24, 34.9, 38, 52, 4, 1, 30, NULL, NULL, 0.616047),
(942, 458, 598.72, 167.03, 38, 53, 1, 16, 30, NULL, NULL, 0.206373),
(943, 459, 592.5, 47.37, 38, 50, 0, 1, 30, NULL, NULL, -0.611104),
(944, 460, 556.44, 54.85, 38, 50, 0, 1, 30, NULL, NULL, -0.5),
(945, 35, 404.62, 374.95, 34, 8, 0, 1, 43, NULL, NULL, NULL),
(946, 461, 197.09, 114.68, 38, 50, 0, 1, 30, NULL, NULL, -0.5),
(947, 461, 143.62, 295.42, 38, 52, 0, 8, 30, NULL, NULL, -0.5),
(948, 461, 26.73, 249.3, 38, 52, 4, 13, 30, NULL, NULL, -0.5),
(949, 461, 468.16, 117.17, 38, 54, 9, 4, 43, NULL, NULL, -0.5),
(950, 461, 175.95, 426.3, 38, 54, 8, 5, 30, NULL, NULL, -0.5),
(951, 461, 361.22, 57.34, 38, 53, 5, 8, 43, NULL, NULL, -0.5),
(952, 461, 134.91, 386.41, 38, 52, 7, 15, 30, NULL, NULL, -0.5),
(953, 461, 188.38, 144.59, 38, 52, 5, 7, 30, NULL, NULL, -0.5),
(954, 461, 359.98, 335.31, 38, 52, 1, 17, 43, NULL, NULL, -0.5),
(955, 461, 618.61, 392.65, 38, 51, 5, 6, 43, NULL, NULL, -0.5),
(956, 461, 659.65, 7.48, 38, 51, 1, 6, 30, NULL, NULL, -0.73862),
(957, 461, 652.19, 426.3, 38, 50, 1, 5, 43, NULL, NULL, -0.5),
(958, 464, 183.41, 375.2, 38, 54, 9, 1, 30, NULL, NULL, -0.5),
(959, 465, 631.05, 220.13, 38, 53, 6, 16, 30, NULL, NULL, 0.51778),
(960, 466, 516.65, 248.05, 38, 50, 0, 1, 30, NULL, NULL, -0.5),
(961, 466, 86.42, 240.57, 38, 50, 0, 16, 43, NULL, NULL, -0.5),
(962, 468, 594.99, 185.73, 38, 55, 0, 16, 30, NULL, NULL, -0.481822),
(963, 469, 643.48, 221.88, 38, 53, 4, 16, 30, NULL, NULL, 0.570276),
(965, 470, 544.63, 98.75, 38, 53, 5, 4, 43, NULL, NULL, -0.5),
(969, 471, 588.77, 26.92, 38, 52, 2, 1, 30, NULL, NULL, 0.346422),
(970, 471, 590.01, 213.9, 38, 53, 2, 13, 30, NULL, NULL, 0.0868558),
(971, 471, 658.4, 216.39, 38, 53, 8, 16, 30, NULL, NULL, 0.792355),
(974, 473, 632.29, 30.66, 38, 52, 5, 8, 30, NULL, NULL, -0.5),
(975, 475, 611.15, 170.27, 38, 54, 3, 16, 30, NULL, NULL, -0.203485),
(976, 21, 512.92, 206.92, 34, 2, 3, 1, 43, NULL, NULL, NULL),
(977, 21, 445.78, 236.83, 34, 4, 7, 1, 43, NULL, NULL, NULL),
(979, 477, 636.02, 48.61, 38, 52, 2, 1, 30, NULL, NULL, 0.963277),
(980, 477, 606.18, 178.25, 38, 53, 2, 16, 30, NULL, NULL, 0.469688),
(981, 478, 504.22, 22.44, 38, 50, 7, 1, 30, NULL, NULL, -0.5),
(982, 478, 596.23, 58.59, 38, 52, 2, 1, 30, NULL, NULL, 0.543944),
(983, 478, 613.64, 177, 38, 53, 8, 7, 43, NULL, NULL, -0.5),
(984, 478, 652.19, 246.81, 38, 54, 7, 16, 30, NULL, NULL, 0.266759),
(985, 478, 606.18, 184.48, 38, 53, 3, 8, 30, NULL, NULL, 0.449631),
(986, 478, 647.21, 225.62, 38, 55, 0, 15, 30, NULL, NULL, -0.5),
(987, 76, 577.58, 206.42, 34, 28, 0, 8, 43, NULL, NULL, NULL),
(988, 479, 190.87, 345.28, 38, 50, 0, 13, 30, NULL, NULL, -0.5),
(989, 482, 502.97, 47.37, 38, 52, 1, 4, 30, NULL, NULL, -0.5),
(990, 52, 113.78, 322.84, 34, 16, 3, 1, 30, NULL, NULL, NULL),
(991, 483, 622.34, 198.19, 38, 53, 9, 16, 30, NULL, NULL, 0.236847),
(992, 485, 553.33, 27.42, 38, 50, 0, 1, 30, NULL, NULL, -0.5),
(993, 486, 613.02, 48.61, 38, 52, 0, 8, 30, NULL, NULL, 0.14094),
(995, 486, 650.32, 208.17, 38, 54, 2, 16, 30, NULL, NULL, 0.415177),
(996, 487, 572.61, 73.04, 38, 50, 0, 8, 30, NULL, NULL, -0.5),
(997, 487, 599.96, 75.54, 38, 50, 5, 7, 43, NULL, NULL, -0.5),
(998, 487, 649.7, 225.12, 38, 54, 2, 16, 30, NULL, NULL, 0.602268),
(999, 489, 619.24, 167.03, 38, 55, 0, 16, 30, NULL, NULL, -0.627705),
(1000, 490, 546.49, 102.21, 38, 53, 6, 16, 30, NULL, NULL, -0.5),
(1001, 490, 546.49, 104.71, 38, 53, 3, 15, 30, NULL, NULL, -0.304483),
(1002, 490, 621.1, 37.39, 38, 52, 2, 1, 30, NULL, NULL, 0.732396),
(1003, 491, 66.52, 223.87, 38, 50, 0, 1, 43, NULL, NULL, -0.5),
(1004, 492, 610.53, 204.43, 38, 51, 0, 16, 30, NULL, NULL, -0.841438),
(1005, 493, 633.54, 26.92, 38, 53, 3, 1, 30, NULL, NULL, 0.0930482),
(1006, 493, 594.99, 167.78, 38, 54, 1, 16, 30, NULL, NULL, -0.210543),
(1007, 494, 616.13, 33.66, 38, 50, 8, 1, 30, NULL, NULL, -0.0413765),
(1008, 494, 573.85, 218.14, 38, 54, 4, 13, 30, NULL, NULL, -0.678952),
(1009, 495, 645.1, 83.27, 38, 52, 7, 13, 30, NULL, NULL, -0.131229),
(1010, 495, 645.1, 224.62, 38, 54, 2, 16, 30, NULL, NULL, 0.504154),
(1011, 496, 628.56, 58.09, 38, 52, 3, 1, 30, NULL, NULL, 0.935577),
(1012, 496, 537.79, 149.08, 38, 53, 3, 16, 30, NULL, NULL, -0.519492),
(1013, 25, 509.19, 205.67, 34, 2, 2, 1, 43, NULL, NULL, NULL),
(1014, 25, 430.85, 236.83, 34, 5, 2, 1, 43, NULL, NULL, NULL),
(1015, 25, 423.39, 275.48, 34, 6, 2, 1, 43, NULL, NULL, NULL);

-- --------------------------------------------------------

--
-- Table structure for table `EventNames`
--

CREATE TABLE IF NOT EXISTS `EventNames` (
  `EventNamesId` int(11) NOT NULL,
  `ListId` int(11) NOT NULL,
  `EventName` varchar(60) DEFAULT NULL,
  `EventDescription` varchar(300) DEFAULT NULL,
  PRIMARY KEY (`EventNamesId`)
) ENGINE=InnoDB DEFAULT CHARSET=latin1;

--
-- Dumping data for table `EventNames`
--

INSERT INTO `EventNames` (`EventNamesId`, `ListId`, `EventName`, `EventDescription`) VALUES
(1, 0, 'Pass', 'When the player in possession kicks the ball to a teammate'),
(4, 12, 'Foul', 'A foul is an unfair act by a player which is deemed by the referee'),
(5, 14, 'Out', 'The ball is out if he goes over the outside line with his full volume'),
(6, 15, 'Corner Kick', 'A corner cick is when the game is restartet from a corner of the outer field by foot'),
(7, 11, 'Tackle', 'When a player without the ball dispossesses an opponent with it.'),
(8, 5, 'Interception', 'Intercepting the ball is winning possession of the ball as it is being passed from one opposition player to another.'),
(13, 6, 'Shot off target', 'A player shoots and the ball misses the target'),
(15, 7, 'Shot on target', 'A player shoots and the ball has the direction of the target'),
(16, 8, 'Goal', 'A goal is scored when the entire ball crosses the whole of the goal line between the goalposts and the crossbar'),
(17, 13, 'Card', 'A player is shown a card by the referee. This can be a yellow or a red one.');

-- --------------------------------------------------------

--
-- Table structure for table `GroundTruth`
--

CREATE TABLE IF NOT EXISTS `GroundTruth` (
  `EventId` int(11) NOT NULL AUTO_INCREMENT,
  `trackedPointX` float DEFAULT NULL,
  `trackedPointY` float DEFAULT NULL,
  `min` int(11) DEFAULT NULL,
  `sec` int(11) DEFAULT NULL,
  `msec` int(11) DEFAULT NULL,
  `type_id` int(11) NOT NULL,
  `team_id` int(11) DEFAULT NULL,
  `player_id` int(11) DEFAULT NULL,
  `period_id` int(11) DEFAULT NULL,
  PRIMARY KEY (`EventId`),
  KEY `type_id` (`type_id`)
) ENGINE=InnoDB  DEFAULT CHARSET=latin1 AUTO_INCREMENT=4 ;

--
-- Dumping data for table `GroundTruth`
--

INSERT INTO `GroundTruth` (`EventId`, `trackedPointX`, `trackedPointY`, `min`, `sec`, `msec`, `type_id`, `team_id`, `player_id`, `period_id`) VALUES
(1, 632.58, 55.46, 38, 52, 2, 1, 30, NULL, NULL),
(2, 606.42, 185.21, 38, 53, 2, 15, 30, NULL, NULL),
(3, 663.76, 231.34, 38, 53, 7, 16, 30, NULL, NULL);

-- --------------------------------------------------------

--
-- Table structure for table `Task`
--

CREATE TABLE IF NOT EXISTS `Task` (
  `TaskId` int(11) NOT NULL AUTO_INCREMENT,
  `UID` int(11) DEFAULT NULL,
  `CampaignId` int(11) NOT NULL,
  `sequenceStart` float DEFAULT NULL,
  `token` varchar(1000) DEFAULT NULL,
  `campaign` varchar(1000) DEFAULT NULL,
  `rating` float DEFAULT NULL,
  `finished` int(11) DEFAULT NULL,
  `isRated` int(11) DEFAULT NULL,
  `missed` int(11) DEFAULT NULL,
  PRIMARY KEY (`TaskId`),
  KEY `UID` (`UID`),
  KEY `CampaignId` (`CampaignId`)
) ENGINE=InnoDB  DEFAULT CHARSET=latin1 AUTO_INCREMENT=497 ;

--
-- Dumping data for table `Task`
--

INSERT INTO `Task` (`TaskId`, `UID`, `CampaignId`, `sequenceStart`, `token`, `campaign`, `rating`, `finished`, `isRated`, `missed`) VALUES
(1, 102, 2, 2030, 'mw-0369bfc39512acc50befc08940fc37c2dc0072339c5c4df301139a06c23489d1', '7b841ce4cb28', NULL, 1, 0, 0),
(2, 580, 2, 2030.5, 'mw-993a9e5fedd507cccaf80ceb2e0dc8d1cf38031050e750903d0e51278f21c9f7', '7b841ce4cb28', NULL, 1, 0, 0),
(3, 220, 2, 2031, 'mw-9745e12ec855f44a4d95331c0a9821c2825dcc1b1c7e1e8915581f127213b0c7', '7b841ce4cb28', NULL, 1, 0, 0),
(4, 3, 2, 2031.5, 'mw-e5e38dc0e7017340a5926429c3c8f6a3e1fd6e985b8cec544ff4b837921ac3be', '7771a1fd577c', NULL, 1, 0, 0),
(5, 20, 2, 2032, 'mw-b5319b4829b45aa94006a960b549b2503f4490613bd912e7734b365876398be0', '407e8d5d059a', NULL, 1, 0, 0),
(6, 6, 2, 2032.5, 'mw-13494ba0271ba5efc1ecc9026b48f92c50c70381532c6a3859f27b91534b6ae2', '7b841ce4cb28', NULL, 1, 0, 0),
(7, 670, 2, 2033, 'mw-c9d9a079bb4e0a01034dd3e2e08bc7ef4a9c470010d2f077c876cd2ef484fc2d', '7b841ce4cb28', NULL, 1, 0, 0),
(8, 57, 2, 2033.5, 'mw-c46ed3b81340b043e6cf0f03a95c31795b1d70b85046c92f50833c7a7d38e8d5', '7771a1fd577c', NULL, 1, 0, 0),
(9, 39, 2, 2034, 'mw-d3aadd2f15cc300eb8eeba209bfc360b26a4f940da4e5a9390c696fb5474787e', '407e8d5d059a', NULL, 1, 0, 0),
(10, 188, 2, 2034.5, 'mw-8a1d5c662ccfc731845123994d74fe9dd70468e36acc7e2a7729b19a7136ac9b', '407e8d5d059a', NULL, 1, 0, 0),
(11, 18, 2, 2035, 'mw-566a3360cce76d59d0c6f67ca69346a55eb98acb8cc4fe90b5acd2d146de0c8d', '7771a1fd577c', NULL, 1, 0, 0),
(12, 283, 2, 2035.5, 'mw-e30dcde0fc04a2052e2d8b5691b6f5adeb40833ccbc1a664e21aa0df671f8a0a', '7771a1fd577c', NULL, 1, 0, 0),
(13, 527, 2, 2036, 'mw-9cd89da11ee3b361a854dad756da5a9746068b692d7a00ef8c303210d0227e15', '7b841ce4cb28', NULL, 1, 0, 0),
(14, 85, 2, 2036.5, 'mw-a4ce76e86be324acf9b655863a44979be64302fda3c7424e812f869210fba6ff', '7b841ce4cb28', NULL, 1, 0, 0),
(15, 370, 2, 2037, 'mw-914b4ba0c0d9af09a047b964ebc6d0883fb98376d7b9beb90be78d58176b1345', '7b841ce4cb28', NULL, 1, 0, 0),
(16, 593, 2, 2037.5, 'mw-71d6a1529a97f4f8af94e1a6790e3c6492d6cb7ee4a4040aa7eb14df9bc47f40', '7b841ce4cb28', NULL, 1, 0, 0),
(17, 6, 2, 2038, 'mw-bb909971001fd85c8337a23fbe24068dfc2f1aeeac1b207a40963929850ac22f', '7771a1fd577c', NULL, 1, 0, 0),
(18, 64, 2, 2038.5, 'mw-2b63a55c87ef15e1a22f5d84585164e1745d99d9646cacb59a3bea9139d478c4', '7771a1fd577c', NULL, 1, 0, 0),
(19, 56, 2, 2039, 'mw-47810a0e1b06f4bf2eddf298f05771fd0483218de7da44305f4970054ffae8bd', '7771a1fd577c', NULL, 1, 0, 0),
(20, 668, 2, 2039.5, 'mw-e72808e639f95845c0675b7cb98ca557f19fb23f129702cd0ae9edba8345940b', '7b841ce4cb28', NULL, 1, 0, 0),
(21, 593, 2, 2040, 'mw-3ee5869acb8fe58996d7a2c4bb7e74f8a43a9129aaf3fd62a0d33ee2c081b623', 'a8fc3fd6796d', NULL, 1, 0, 0),
(22, 222, 2, 2040.5, 'mw-02aca10fff25ad54af52a00f0a99fd7c1335e371b87befd38ea957aa122b3422', '7b841ce4cb28', NULL, 1, 0, 0),
(23, 278, 2, 2041, 'mw-324d2c7c269133e00fdf1c47ce73a0a73416699291b4dc4003b64e35eedc958c', '407e8d5d059a', NULL, 1, 0, 0),
(24, 311, 2, 2041.5, 'mw-97ada960e2a50269c9acf5a22459ab93b70e14aa81604d31b98f01e55811cb47', '407e8d5d059a', NULL, 1, 0, 0),
(25, 452, 2, 2042, 'mw-c59f72037d3e91cb85d7c62e9f16aca3897a97e292103b8c270bcf6aaf8afddb', '7b841ce4cb28', NULL, 1, 0, 0),
(26, 287, 2, 2042.5, 'mw-43447d3edc693c36a7576efe576c725d18fbb8082774709217c9bc842d17f812', '407e8d5d059a', NULL, 1, 0, 0),
(27, 322, 2, 2043, 'mw-bcdc40c903c9eb43e521544b909e6bb31bc7fb002e1ef4f67958acb14c2b34b1', '7771a1fd577c', NULL, 1, 0, 0),
(28, 603, 2, 2043.5, 'mw-2c764ad530df62b120534f6c7cad43cc2df0996aeba33ad204c4eb25db039efc', '7b841ce4cb28', NULL, 1, 0, 0),
(29, 605, 2, 2044, 'mw-582ed6172b07a0ed5d5959696cf7f1084f8dd230e1fc182dbfe34c19acb89af7', '7b841ce4cb28', NULL, 1, 0, 0),
(30, 186, 2, 2044.5, 'mw-80765a00eadbe833a945ff4c6fb735a94d7f31aab885ce665f596e0f41c5a713', '7b841ce4cb28', NULL, 1, 0, 0),
(31, 39, 2, 2045, 'mw-b0f8dd20c21e117447f4c19ec8d792c0b2ea704d39b59dc3e587e0b6a528cc63', '7771a1fd577c', NULL, 1, 0, 0),
(32, 312, 2, 2045.5, 'mw-fc8a2d69c43cc0557bfc1600f430d6a3e6683c880900fc2f64d68080192aa360', '407e8d5d059a', NULL, 1, 0, 0),
(33, 121, 2, 2046, 'mw-c0c1101f5b6d96243e93e642338df49ad18d53f385f50b1093a94c037bde7437', '7b841ce4cb28', NULL, 1, 0, 0),
(34, 472, 2, 2046.5, 'mw-51594d48aede2784fe7c199fe35021bffeadefa0ad4cf61ff2d6fd1270a61371', '7b841ce4cb28', NULL, 1, 0, 0),
(35, 20, 2, 2047, 'mw-f79d0983c63ca739d9e14d7e2bd3a12e67def452966a2c507cf143034be22aa7', '7b841ce4cb28', NULL, 1, 0, 0),
(36, 358, 2, 2047.5, 'mw-509a227cfc5f204909b5ce8df645cd9dfd4de79b8b98053427952c8c91aa488e', '407e8d5d059a', NULL, 1, 0, 0),
(37, 670, 2, 2048, 'mw-b7d22256a6da5b51ebb53d6eef512c9413990ae63a495a55d852d9859cb4f60f', 'a8fc3fd6796d', NULL, 1, 0, 0),
(38, 228, 2, 2048.5, 'mw-cb56e3410fe13317627fb7ed485e2cf609fd338f3d763061af62b540daab99c9', '7771a1fd577c', NULL, 1, 0, 0),
(39, 357, 2, 2049, 'mw-bf3c874ccfe0e42f7d6d308f6f23fca662937d2f21b2cdbbcd135a91be234d92', '407e8d5d059a', NULL, 1, 0, 0),
(40, 69, 2, 2049.5, 'mw-76c04655405b60b7a614c32e7b18e329ce473d30865ca1f54fccb49c382bd574', '7771a1fd577c', NULL, 1, 0, 0),
(41, 259, 2, 2050, 'mw-f094a57984d63db7ac7872e87664fa501accefeeda78faf1c4ecae57fac283a0', 'a8fc3fd6796d', NULL, 1, 0, 0),
(42, 442, 2, 2050.5, 'mw-b82962431cf3cd1759a08fdee8d4e623110664b5281b2b6021a796112a99b95c', '7b841ce4cb28', NULL, 1, 0, 0),
(43, 57, 2, 2051, 'mw-b9a185b8f2f50c2493565eaad9c809bfaee4c3703f9966662d494b50c0eb7cc8', '7b841ce4cb28', NULL, 1, 0, 0),
(44, 146, 2, 2051.5, 'mw-ce39b7d28b91f5a3b1b6abec696ab9d60481be1a50978278712104ca40926738', '7771a1fd577c', NULL, 1, 0, 0),
(45, 196, 2, 2052, 'mw-be7a65dd1fdd037e54f8fb2920da426bb14b12a06e449e0677b2fdf75b61315c', 'a8fc3fd6796d', NULL, 1, 0, 0),
(46, 400, 2, 2052.5, 'mw-9885d96800c292d0d1ee5667e2190db71a71bf06e38cc185c33c0b59321ab29b', '7b841ce4cb28', NULL, 1, 0, 0),
(47, 196, 2, 2053, 'mw-9347c5621dc013c970a874f8dc9b0c888fab682e2571ee4432b57a2d8d7e9ec3', '7b841ce4cb28', NULL, 1, 0, 0),
(48, 91, 2, 2053.5, 'mw-c7bf4cbce71f3c828a4cde037bb11014d48a90ef4a37c3e13efbcdbd6501a671', '7771a1fd577c', NULL, 1, 0, 0),
(49, 112, 2, 2054, 'mw-069be64c0cac2d3797571b21afede4f1f2ea876639f9b40647806c98aa3e0c2c', '7771a1fd577c', NULL, 1, 0, 0),
(50, 102, 2, 2054.5, 'mw-47ac1a047166d13cac77427610f19cac7ed3d95374de0b4c7489a7668daca1f5', '407e8d5d059a', NULL, 1, 0, 0),
(51, 400, 2, 2055, 'mw-177bfd3762165795d99d4119d7dabd115b849333f478bf9bfe2c7676468b0874', '7771a1fd577c', NULL, 1, 0, 0),
(52, 448, 2, 2055.5, 'mw-91e21950cde32abcd93875052b2ce3deaa7a491f8fa985bd2a01c504e2c08810', '7b841ce4cb28', NULL, 1, 0, 0),
(53, 95, 2, 2056, 'mw-f87afa46ea9343b750990a226df9c7fd1a259793ca09f1af38a07e9b3a621eb2', '7b841ce4cb28', NULL, 1, 0, 0),
(54, 205, 2, 2056.5, 'mw-632d6f0364a9d9fd2d6861aa51a7ad3727449ca7b71dceb0d376441abffa3268', '7b841ce4cb28', NULL, 1, 0, 0),
(55, 59, 2, 2057, 'mw-dca55fb617f85ddd17b6ef65b20dfef4dad1c410944221d1c320d212db578e4c', '7b841ce4cb28', NULL, 1, 0, 0),
(56, 577, 2, 2057.5, 'mw-b88f919d171e70b6c2146c13c95107df4be3abe1b13ac53c1ae5563e00595e8e', 'a8fc3fd6796d', NULL, 1, 0, 0),
(57, 309, 2, 2058, 'mw-74dc1925f37fd6a8d07b8051c315bebe5d7b4553a5d95bae75c1432d6b3e9ae2', '7b841ce4cb28', NULL, 1, 0, 0),
(58, 123, 2, 2058.5, 'mw-12094e992a03341ffe2d415a54e3abc014dcc14d40a376336f9404c983c8f1d5', '7771a1fd577c', NULL, 1, 0, 0),
(59, 5, 2, 2059, 'mw-15323df543c609b77350413da3d580f9de6efc8ddd44c5aebea0241d825214b1', '7771a1fd577c', NULL, 1, 0, 0),
(60, 112, 2, 2059.5, 'mw-90c28c093f5743adb21a16da53989a1479cce88b17795dbda1eca1e351d382fe', '7b841ce4cb28', NULL, 1, 0, 0),
(61, 103, 2, 2060, 'mw-aeda9fd0f36097d5d6bd982029c035b01b251fa0cf375efee3da95bc6f4a5749', '7771a1fd577c', NULL, 1, 0, 0),
(62, 309, 2, 2060.5, 'mw-f25c484efb1b5d7b6fc98090df2844761d4e7e3bc16f93883f3b854b493d41fe', 'e20feb9b9267', NULL, 1, 0, 0),
(63, 69, 2, 2061, 'mw-f38aa315d2c3e45ba935e488d7ad480bdd0f33061d432fc8f0cb7cc424f3c539', '7b841ce4cb28', NULL, 1, 0, 0),
(64, 177, 2, 2061.5, 'mw-ef4b6b342021b884388e344c10499a1dab0cf17cc211478854c7b54dee5305bb', '7771a1fd577c', NULL, 1, 0, 0),
(65, 283, 2, 2062, 'mw-60c9f751a5b6a31cf5e7ff0b1d1b4ade04735b4cf8aab721f8dd8c58cb8c6bde', '7b841ce4cb28', NULL, 1, 0, 0),
(66, 63, 2, 2062.5, 'mw-6527898502782ee65975b5da046d128d9f6b6e6d11722fb1c6f02178d3e8a2b2', '7b841ce4cb28', NULL, 1, 0, 0),
(67, 205, 2, 2063, 'mw-add3d5b833c6b49fb3398212f560e3a7450b3c23a47bd25e945b6449d9f57cce', '407e8d5d059a', NULL, 1, 0, 0),
(68, 39, 2, 2063.5, 'mw-d4b6a3460ee38c183ecf3effad0741f9378e3128930e73b581098ce342d26663', '7b841ce4cb28', NULL, 1, 0, 0),
(69, 64, 2, 2064, 'mw-beb553cae1908e99c738b676321ac29e1b865cba01c85733f94e03b2ea229000', '7b841ce4cb28', NULL, 1, 0, 0),
(70, 20, 2, 2064.5, 'mw-4224577d26a3f4deebbb179ea784b5982dc9d8dc8e9fc9b58de7bf8b052a39a4', '7771a1fd577c', NULL, 1, 0, 0),
(71, 136, 2, 2065, 'mw-4a88b6dace8950f68c62c69d26c4580b35b93fc77af4ab5e9caa956bcd9625ad', '7771a1fd577c', NULL, 1, 0, 0),
(72, 351, 2, 2065.5, 'mw-1176dbc5845fb9818eac5b453ee893d406b7a48447649149d68d35f9286660de', '7b841ce4cb28', NULL, 1, 0, 0),
(73, 64, 2, 2066, 'mw-6f3f5ef415f8ead08a70dbb947aa71caa81b8238f454528324b9063767d4a513', 'a8fc3fd6796d', NULL, 1, 0, 0),
(74, 196, 2, 2066.5, 'mw-195a387da1fab564c876dc980383517b070b7197ea2c7b2d79421284ba61b4db', '7771a1fd577c', NULL, 1, 0, 0),
(75, 240, 2, 2067, 'mw-864610c11182d475fda62dbbaf42177b9b4b1438073fa955c2492b5839bed637', '7771a1fd577c', NULL, 1, 0, 0),
(76, 146, 2, 2067.5, 'mw-ee00bc3249a3558ea5c6486fbe595566ce10e66c1e85faa7bd668eb09d3b75ae', '7b841ce4cb28', NULL, 1, 0, 0),
(77, 303, 2, 2068, 'mw-5a77b8aad90e47a06f7dedafd5a48645f261055c34fac721bac9848f5b5caace', '407e8d5d059a', NULL, 1, 0, 0),
(78, 358, 2, 2068.5, 'mw-679991bebe445eb8fb17c4e7a132c21f01bbf013b1ca1e6cecc6f61db481b75f', '7771a1fd577c', NULL, 1, 0, 0),
(79, 247, 2, 2069, 'mw-3b090fb1d29d2c66d49e9a5fc36d56cba82667f9978bcc4a4d2084f60ae78a09', '7771a1fd577c', NULL, 1, 0, 0),
(80, 91, 2, 2069.5, 'mw-f3f7b1fb7c76d59eb4d210edb69631aba5af87b5e86fb28a68a6b1e7b750c6c3', '7b841ce4cb28', NULL, 1, 0, 0),
(81, 48, 2, 2070, 'mw-33fdca003214e3ee731dee7fa746b64b6315db08743b426d6dda875c06dcf389', '7b841ce4cb28', NULL, 1, 0, 0),
(82, 536, 2, 2070.5, 'mw-7bc9de90fbcc6db22053d1f8d090e1a4f706f1d67e3e22c648954222e2a85c5d', '7b841ce4cb28', NULL, 1, 0, 0),
(83, 198, 2, 2071, 'mw-fd9e60e0c034ad9918025015c717bae087d5ff4d8005f027baa9885c8547d70a', '7771a1fd577c', NULL, 1, 0, 0),
(84, 330, 2, 2071.5, 'mw-a2c69e7713cef41b0eec3b07d018af3257f605550b6267866d188021636a5400', '7771a1fd577c', NULL, 1, 0, 0),
(85, 82, 2, 2072, 'mw-ac1d92864aa8d7dd223a6fb346ff55c047a7a634b884da01e3160d66a5f68ff2', 'a8fc3fd6796d', NULL, 1, 0, 0),
(86, 205, 2, 2072.5, 'mw-2ba11353094254805165415b39017fffa98fa1de5b733fd89c42e51eaaedfeaa', 'a8fc3fd6796d', NULL, 1, 0, 0),
(87, 95, 2, 2073, 'mw-2d780d620ed8127be18800a79e86f809c9c697f56613a19162ddd6fa3784e9ca', '7771a1fd577c', NULL, 1, 0, 0),
(88, 48, 2, 2073.5, 'mw-235ac3643c02549e91a9ca8d8e4d5ccaf11de4aba889713648a43dca353a5e8d', '7771a1fd577c', NULL, 1, 0, 0),
(89, 202, 2, 2074, 'mw-90d0beac3f8163bae48c09bf343e79a34f29aa6a7cbbd2363fe14039af687faa', '407e8d5d059a', NULL, 1, 0, 0),
(90, 131, 2, 2074.5, 'mw-c26a902e4c5088a8efa1b10899b7a665f90f107f8b9b54ed89e789e1996268fa', 'a8fc3fd6796d', NULL, 1, 0, 0),
(91, 656, 2, 2075, 'mw-47746394ccb8f67e5db59d26c8cca648140f5693206df03a220227b9b5bad6c6', '7b841ce4cb28', NULL, 1, 0, 0),
(92, 358, 2, 2075.5, 'mw-b8b5607c5b9fdf5bb6088e1771b3ecad64277b58a668fe5deea8f337660935d5', '7b841ce4cb28', NULL, 1, 0, 0),
(93, 609, 2, 2076, 'mw-71f84e10eea070d1f36688163e6a2f05f983f520f7a02f398136cf6f587e99d4', '7b841ce4cb28', NULL, 1, 0, 0),
(94, 498, 2, 2076.5, 'mw-73baa54e23083487822eecb4ee08b4f88f66aae503ae62a3468c03521179cc5d', 'a8fc3fd6796d', NULL, 1, 0, 0),
(95, 252, 2, 2077, 'mw-967337ebe969add63f64029b5d99c4cb7e95ca23afcd384194ed596e17f92c93', '7771a1fd577c', NULL, 1, 0, 0),
(96, 103, 2, 2077.5, 'mw-1e0ec2c1567fbd9069eea400d24753861c2551aec78dd0393be4639b44302902', '7b841ce4cb28', NULL, 1, 0, 0),
(97, 82, 2, 2078, 'mw-e79c0b2ca91cfe26884db22d9f3c9719e17036a3cc3d9b70134cdc85db04b6de', '7b841ce4cb28', NULL, 1, 0, 0),
(98, 345, 2, 2078.5, 'mw-db18b41fa2428ea5d4b539b6beb9fda4b13cf036ae7bc6feee237d506054bbb4', '7b841ce4cb28', NULL, 1, 0, 0),
(99, 93, 2, 2079, 'mw-6e691299e335e4a7f9ce515b945702e0aa99a688552316d9c6f8c5326798241d', '7b841ce4cb28', NULL, 1, 0, 0),
(100, 146, 2, 2079.5, 'mw-6254a2e1a8d28fabcb973a644f486fb651095c26bc41414227f2e3635a683fb5', '407e8d5d059a', NULL, 1, 0, 0),
(101, 427, 2, 2080, 'mw-689d0c75f774e99c7a16460f00cd4a84632adfa826ea7d60d6b292683d904590', '407e8d5d059a', NULL, 1, 0, 0),
(102, 3, 1, 2330, 'mw-65b423eaf5d05fea65175d92d20002b505d2a4d65f4b26e787c703ed4fe1f12c', 'e20feb9b9267', 0.987936, 1, 1, 1),
(103, 2, 1, 2330, 'mw-d0cba6bec24ab22fbd6994f86e1b5876a2162da88e60711909f6517182c21bf7', 'e20feb9b9267', 2.07818, 1, 1, 0),
(104, 8, 1, 2330, 'mw-86b6b956210c41359274fb81836cb60902f16a1ba03eb6830bf4b4fb858ad986', 'e20feb9b9267', -1.61873, 1, 1, 2),
(105, 4, 1, 2330, 'mw-9451ce61d5a9b8cc61ce41ad938dba6822408245ba342155c63636a574dbcff8', 'e20feb9b9267', -1.5, 1, 1, 3),
(106, 4, 1, 2330, 'mw-9451ce61d5a9b8cc61ce41ad938dba6822408245ba342155c63636a574dbcff8', 'e20feb9b9267', -1.5, 1, 1, 3),
(107, 6, 1, 2330, 'mw-814e490f0a8f425b3627b740ba0d1801d9d64c7ea69cbda24913cfd2cd90d059', 'e20feb9b9267', 1.17746, 1, 1, 1),
(108, 5, 1, 2330, 'mw-2d4210342d30b735429dc3db8fb25a1ff0ca62219a885b58fbf9410cc25699fa', 'e20feb9b9267', -0.231532, 1, 1, 1),
(109, 11, 1, 2330, 'mw-f6b8dfd32a23bac995896273bb7b3b17d54a4edf70902ba1d5b3a8115fa6b6cc', 'e20feb9b9267', -2, 1, 1, 3),
(110, 12, 1, 2330, 'mw-3c45d41b1648d5648b0817c29bf1fd5dd3c88cdaf0b8ffe9869c59d31468b208', 'e20feb9b9267', -1.84922, 1, 1, 1),
(111, 16, 1, 2330, 'mw-71dc67691cdb8d2fa4aa988af5c6d32daa8ea5bdb0b7ac25d0ab027cc2b64c41', 'e20feb9b9267', -2, 1, 1, 3),
(112, 18, 1, 2330, 'mw-081929303c3cc00a19603080a647f77104222f38100a295f7259716603983766', 'e20feb9b9267', -0.493844, 1, 1, 2),
(113, 21, 1, 2330, 'mw-cc0200534437e6a892b288ece8333aef96be05e863cbea2a38fe41d9837ba6b2', 'e20feb9b9267', -2, 1, 1, 3),
(114, 20, 1, 2330, 'mw-885e9bcd705541aa57b08e67e342d90ce30b0f873ea20c24569ad8a6196b557f', 'e20feb9b9267', -0.514624, 1, 1, 2),
(115, 23, 1, 2330, 'mw-bd076e438f484025c9e882b2e946d8c6937421cd61d8447dc8d402e4cb2db22e', 'e20feb9b9267', -0.39256, 1, 1, 1),
(116, 25, 1, 2330, 'mw-fc9a2170b7b3f57b7504049d4c9b7b0a5bba7b45bea6b325bc39de50a4fdf058', 'e20feb9b9267', -0.299598, 1, 1, 1),
(117, 28, 1, 2330, 'mw-10f6a29d99b0e137dfbbd90481bbce41b4dc22e8fc539163e429f1ba6fd27130', 'e20feb9b9267', -2.04348, 1, 1, 1),
(118, 29, 1, 2330, 'mw-a513a4444787848216a3adbdd9e676ab0185486beac82bf2b84ac3126f5942d4', 'e20feb9b9267', -0.959971, 1, 1, 2),
(119, 39, 1, 2330, 'mw-10c55be0d926382aaa4350cec6eeb149d16f41fecf3446f29ddbee8f467eec3b', 'e20feb9b9267', -0.653838, 1, 1, 1),
(120, 40, 1, 2330, 'mw-152cd0744bb948268b454f98c37bfc419920e2aa1133909e6c14bfe25cd457b2', 'e20feb9b9267', -2, 1, 1, 3),
(121, 40, 1, 2330, 'mw-152cd0744bb948268b454f98c37bfc419920e2aa1133909e6c14bfe25cd457b2', 'e20feb9b9267', -2, 1, 1, 3),
(122, 42, 1, 2330, 'mw-6a53ba9a4eff74bb14cc0c4ad89179e7288e87fdf26106432fa16238bd6bd611', 'e20feb9b9267', -0.406632, 1, 1, 0),
(123, 54, 1, 2330, 'mw-5f9e74e3efdb2545a38fa846b70463d3195e48b100125e73ac648dfb3bc9ca59', 'e20feb9b9267', -1.5, 1, 1, 3),
(124, 54, 1, 2330, 'mw-5f9e74e3efdb2545a38fa846b70463d3195e48b100125e73ac648dfb3bc9ca59', 'e20feb9b9267', -1.5, 1, 1, 3),
(125, 45, 1, 2330, 'mw-0a12fd69ac33ba8d43cd911faf9bf101ac651e8f6c1724572e31b5a5331603e1', 'e20feb9b9267', -1.5, 1, 1, 3),
(126, 50, 1, 2330, 'mw-16945936c9ef45b4b7c6b6e8135437e09e7c793df98fb40272308a8773f7d8e6', 'e20feb9b9267', -5, 1, 1, 3),
(127, 56, 1, 2330, 'mw-a61c3dfb8fed3bf60aece61c76f05fe27fac865201a26011a950d66bcd4feab2', 'e20feb9b9267', 0.636461, 1, 1, 0),
(128, 55, 1, 2330, 'mw-478fd3b36561740c21a3909dd902825815d7aea94ebf57fedd5ef0e82123ba34', 'e20feb9b9267', -2.8836, 1, 1, 2),
(129, 51, 1, 2330, 'mw-847a717595c9d0d907b9d72ca5eefb3354e7d52fdc416cbda3f4fe78128f00a7', 'e20feb9b9267', -0.530091, 1, 1, 0),
(130, 52, 1, 2330, 'mw-aa7f316ed14f0d491544bd19f4fdf0b6fd55afdd72a62660541c5170b9fd100f', 'e20feb9b9267', -0.863399, 1, 1, 2),
(131, 52, 1, 2330, 'mw-aa7f316ed14f0d491544bd19f4fdf0b6fd55afdd72a62660541c5170b9fd100f', 'e20feb9b9267', -0.863399, 1, 1, 2),
(132, 62, 1, 2330, 'mw-70291e1c8fed0ae8a9a07f50b3f9d8c41449875c53458f7a3a5e397a8dae0f4e', 'e20feb9b9267', -4, 1, 1, 3),
(133, 59, 1, 2330, 'mw-621e11baf9d27d0cc7db53ed349258583a1efc6750a573243f784db1ad1202bc', 'e20feb9b9267', -1.35137, 1, 1, 1),
(134, 67, 1, 2330, 'mw-75d8206ddede198a327225da15ebf248ce5b35ec6639baa70524b336ee9ba245', 'e20feb9b9267', -1.5, 1, 1, 3),
(135, 65, 1, 2330, 'mw-ce1ebdc74e26cc0f97e34a10562ccebc386e204439eb4ada9a61eacd40a3e6a3', 'e20feb9b9267', 0.0947983, 1, 1, 1),
(136, 57, 1, 2330, 'mw-bd9a80fad48ac3d68aa5335fe1a4918857b3d8dd3608fdeae25faa19b04791d5', 'e20feb9b9267', -0.223076, 1, 1, 1),
(137, 48, 1, 2330, 'mw-ff9901f97cb947305e0ab6d1fd33185a8c6d2235039c28155cbbd61a118e51b5', 'e20feb9b9267', 2.23283, 1, 1, 0),
(138, 64, 1, 2330, 'mw-31992268ebd428611350b6212c5044dce557b3b3226e72ef50a90afb2d83594a', 'e20feb9b9267', 1.64064, 1, 1, 0),
(139, 64, 1, 2330, 'mw-31992268ebd428611350b6212c5044dce557b3b3226e72ef50a90afb2d83594a', 'e20feb9b9267', 1.64064, 1, 1, 0),
(140, 70, 1, 2330, 'mw-1120eaddc868f362d10e5c631fddae5fe7710fce7eb436f150ec81aa3e330a23', 'e20feb9b9267', -0.241222, 1, 1, 1),
(141, 69, 1, 2330, 'mw-415f018f93788e2ea27e36734695bc55263afb29b2dd1d121b01bf56357c2fd8', 'e20feb9b9267', -1.23808, 1, 1, 1),
(142, 61, 1, 2330, 'mw-d9f9590ea1218a3e0b86dff96d2abb865c13a0e687ac27e24715425f3bc6198f', 'e20feb9b9267', -2.5, 1, 1, 3),
(143, 72, 1, 2330, 'mw-9c059664fb82db96ad27e865d88e3167151a6b01b1f26be0d699b9f8b9ff2165', 'e20feb9b9267', 2.08951, 1, 1, 0),
(144, 68, 1, 2330, 'mw-33bb8518d57716e488cfcc0a68afc81d4a83f5f59f720be91ef32f18c160cffd', 'e20feb9b9267', -12, 1, 1, 3),
(145, 79, 1, 2330, 'mw-7026ce9a350e6370fd8a380f5680818a631fbee6cfa1f14cb1762130332ae1b3', 'e20feb9b9267', -1.5, 1, 1, 3),
(146, 80, 1, 2330, 'mw-ba0c3396078fa048a74f476b4f3887e2655ede22f4e0fe034a67eb16734bdbe5', 'e20feb9b9267', -1.16098, 1, 1, 1),
(147, 78, 1, 2330, 'mw-242fc6ccbe8c112eb74f36c06b6250e10f0ffb7352c17378471432f45baf6186', 'e20feb9b9267', -2, 1, 1, 3),
(148, 89, 1, 2330, 'mw-f53d0bd1c0cccf411f2f12cbd82e4fdb340a512de0a8bc6f3184c8d42ba02938', 'e20feb9b9267', -2, 1, 1, 3),
(149, 82, 1, 2330, 'mw-64c2be4ad60532f2bd1d7456d6f2bedf1ca59358183cb835f04150087d3e083f', 'e20feb9b9267', 1.94675, 1, 1, 0),
(150, 91, 1, 2330, 'mw-eb97bbe6d2258a084df26854e065efb6da1d67795f7851f42660c1c012b1003a', 'e20feb9b9267', 1.17476, 1, 1, 0),
(151, 96, 1, 2330, 'mw-e52ea7e52eab44e256d957443da5bda1bcbc1afd6c8c94699ddee9ca0459ba17', 'e20feb9b9267', -1.5, 1, 1, 3),
(152, 95, 1, 2330, 'mw-c641a6851f52d0420e6994add288b9da17bd134567418ac6a9887cd77b9e4a91', 'e20feb9b9267', -0.0435835, 1, 1, 0),
(153, 97, 1, 2330, 'mw-a66781606ebdbbd72c010e21e151803a9f9b75f19df76ddb9c72953d5fa9ed04', 'e20feb9b9267', -1.5, 1, 1, 3),
(154, 101, 1, 2330, 'mw-69df208cc3d1be941326c94fd201bc8645c67dd8e96e4b7c9e7961035c18d402', 'e20feb9b9267', -1.5, 1, 1, 3),
(155, 103, 1, 2330, 'mw-c4dedb45b620f5d760ba57fe2dada36735edd590a08725df73f5639647aff9e5', 'e20feb9b9267', 1.8835, 1, 1, 0),
(156, 108, 1, 2330, 'mw-16e60adb4c15026ae2e33985c91c6a8dd49f6c5169ac654a9c61b12f9ffb9ba2', 'e20feb9b9267', -1.5, 1, 1, 3),
(157, 107, 1, 2330, 'mw-1e9afcf64509ac7778f4fe41994b03ec12d999c71edb15d9f3fd1537bbde57ba', 'e20feb9b9267', -3, 1, 1, 3),
(158, 111, 1, 2330, 'mw-ae02b202ac74011c0582014674c5e3361100d781a936910a5f671a42aa22cafa', 'e20feb9b9267', 2.06568, 1, 1, 0),
(159, 117, 1, 2330, 'mw-42a6467072713b769c98263945d5575aea2b86889e2018c12a95122f7f6e5b97', 'e20feb9b9267', -1.5, 1, 1, 3),
(160, 105, 1, 2330, 'mw-6588e84bb444f7b5d656fc0aa5a91ffe740ce20064092336e7a32341b661ab10', 'e20feb9b9267', -4.5, 1, 1, 3),
(161, 119, 1, 2330, 'mw-1ec9518d93fbccb6207206cd24350372fded4a8982c16ac5f07d2c8764b1e53d', 'e20feb9b9267', -2.5, 1, 1, 3),
(162, 118, 1, 2330, 'mw-0f2922adcaa3d43e89cd624b34f269eb8244b97860574266e6436277e5caf9d1', 'e20feb9b9267', -1.57788, 1, 1, 2),
(163, 120, 1, 2330, 'mw-306eaaedc42f79133cf876d5301b2f8e4b43e51b9090bb18d24b4ce7d7f19d13', 'e20feb9b9267', -4, 1, 1, 3),
(164, 115, 1, 2330, 'mw-ec6cf2b7523e724f40f5d416da8d916986b092af193a8d638f2efa387203a13d', 'e20feb9b9267', -2, 1, 1, 3),
(165, 121, 1, 2330, 'mw-f80234abf9e6766f33081b28ca783951da5f49b0472648c301786db8c7d40bf3', 'e20feb9b9267', -0.859431, 1, 1, 2),
(166, 123, 1, 2330, 'mw-11ed0d6eb98698e560ee00f6ea2a1967d4d540648159372fc1fdf97d3bec01a4', 'e20feb9b9267', 0.919362, 1, 1, 0),
(167, 124, 1, 2330, 'mw-1083807f84b0d9d9e42d41067bc74a3b3394a1fb472e5418df072102b46a0646', 'e20feb9b9267', -1.87204, 1, 1, 2),
(168, 33, 1, 2330, 'mw-7d336e39fc6a9bd9ec69a927a428b94b40dddaa52355951bd290f91a23cd79fe', 'e20feb9b9267', 0.68508, 1, 1, 1),
(169, 126, 1, 2330, 'mw-dddc8a8c5f299a48d0e50ba2a138bcd9f8b184c6626b983426107de803663a7a', 'e20feb9b9267', -3, 1, 1, 3),
(170, 131, 1, 2330, 'mw-d68fa8ba6f4bad37254ced22a91ec2fc46770b1aaef04dc5821835e424e0ea2d', 'e20feb9b9267', 2.81124, 1, 1, 0),
(171, 130, 1, 2330, 'mw-6244dfd72993e70146991640645c39a75dcfc0f25f971cd21b9dfb9a11a7d13e', 'e20feb9b9267', 2.25695, 1, 1, 0),
(172, 143, 1, 2330, 'mw-6c37b257a034d072dc2485fd73f0729e273db87b6b890bc82bc9bcd36c7de5b2', 'e20feb9b9267', -1.5, 1, 1, 3),
(173, 140, 1, 2330, 'mw-508ef0a1b7a3af2a80d32efd837f904cf8477f8ecc2749c8a936c5121fb926df', 'e20feb9b9267', 0.747102, 1, 1, 0),
(174, 133, 1, 2330, 'mw-2809064704f7fdec062dd7502456dd86599d09714e4b52d4dbe60f19e09ee166', 'e20feb9b9267', -4.5, 1, 1, 3),
(175, 145, 1, 2330, 'mw-1fa67b0b8dbbb24caa7a8abd466d6b85cf91a74d4f8dc74eeb61fc5a5ad108f8', 'e20feb9b9267', -0.917725, 1, 1, 1),
(176, 73, 1, 2330, 'mw-787981ce003943ff2bb4f3b64d47f36f998aea6ff3fc04de932bbe0058186145', 'e20feb9b9267', -0.945096, 1, 1, 2),
(177, 167, 1, 2330, 'mw-23effe2ac59e165560feb2f0d30499999b8883581bd0fe10746673e9c53f3996', 'e20feb9b9267', -2.5, 1, 1, 3),
(178, 146, 1, 2330, 'mw-5ed49c6f49d23a56dd3644a8897b5edacadad936455131475a7abbf6c6297228', 'e20feb9b9267', -1.32313, 1, 1, 1),
(179, 171, 1, 2330, 'mw-5d11e7c05b06418a752e356a239c793af18c16230386bf855c7635050bcd6f55', 'e20feb9b9267', -2.5, 1, 1, 3),
(180, 172, 1, 2330, 'mw-5c4827a29ff8b34ec600b35948ff13495a16164c6fd99dd03a5bd525978f2a21', 'e20feb9b9267', -1.5, 1, 1, 3),
(181, 147, 1, 2330, 'mw-b54242a8813f94e0b6f1f459d862d754da283c6e645e5690527d5571ff5d362a', 'e20feb9b9267', 1.98734, 1, 1, 0),
(182, 136, 1, 2330, 'mw-754cff234a03b62448649df290f2531ef5b8a2a0aec885b185ec9c6eeef9cc73', 'e20feb9b9267', -0.819885, 1, 1, 2),
(183, 163, 1, 2330, 'mw-56a8a335c150773c6699f9986d43de4447d9d6c92be09592efd269102e8b6a1b', 'e20feb9b9267', -4, 1, 1, 3),
(184, 161, 1, 2330, 'mw-3f53e2e4ef7868d63a0f7ee0ae4c0810dc15f99380607499df99e3df80581702', 'e20feb9b9267', -2, 1, 1, 3),
(185, 179, 1, 2330, 'mw-878ffd1bda1a186aba24e2e392be7b46c52a6fe12ca95ed890d11ebfc92faf0f', 'e20feb9b9267', -1.42768, 1, 1, 2),
(186, 173, 1, 2330, 'mw-7357e9ae5dc3362452d1d47c0b7e918c680dcf173a6c00338c10b92dcb5c375b', 'e20feb9b9267', -6.5, 1, 1, 3),
(187, 188, 1, 2330, 'mw-2669683c4743c117b38097b751f10b9df4f20ef71c7aff911e450186d2432970', 'e20feb9b9267', -0.79683, 1, 1, 1),
(188, 150, 1, 2330, 'mw-48ed1693f26062067aba2bd0d2c3de079d20fbdfc9a871f8e672d1a3ee85ba89', 'e20feb9b9267', -1.5, 1, 1, 3),
(189, 194, 1, 2330, 'mw-337e7f42d654cc0155091c2ee322ae56c275fb6e3b18058e431e4be2b543584b', 'e20feb9b9267', 2.45106, 1, 1, 0),
(190, 156, 1, 2330, 'mw-7400eddbb979c65e9dfe11a9381a2490673e6d5e68e64be65dc8e2ca5fe115da', 'e20feb9b9267', -0.799522, 1, 1, 1),
(191, 93, 1, 2330, 'mw-644dad0f70ec4810f2d034c1630f6ac86295196213e8e3f6aac0699e2eae92ed', 'e20feb9b9267', -0.212789, 1, 1, 0),
(192, 186, 1, 2330, 'mw-940c9834797d5b8d19d0e7c09b2b85b3a9b36f8edffadab317912482cd4b0be4', 'e20feb9b9267', -0.838931, 1, 1, 2),
(193, 198, 1, 2330, 'mw-4e08c4e1006421cca361d1e76ba79098dc3b8986e43c6731c5d017437bb334ae', 'e20feb9b9267', 0.54151, 1, 1, 1),
(194, 177, 1, 2330, 'mw-92659bb0b61aae39a1618e6307d706460bba438dd1ae18bcf52962dcecfc7d9e', 'e20feb9b9267', -0.514316, 1, 1, 2),
(195, 122, 1, 2330, 'mw-327e1a907d4024e629b6859b01758ffd2dce0f9b9cde9a3be5058798efc67679', 'e20feb9b9267', -3, 1, 1, 3),
(196, 187, 1, 2330, 'mw-13c75002af32c0b880acb61c67091af1d604e9488d4cef71fb667dae28bb6357', 'e20feb9b9267', -2, 1, 1, 3),
(197, 197, 1, 2330, 'mw-1953ec777578ebc45687ca95f1945115e369de87e53aa2b111f94c4a843af51a', 'e20feb9b9267', 1.76362, 1, 1, 0),
(198, 102, 1, 2330, 'mw-e810ac5d65e2b6f2c58a87b2984060e8f10622c8a7cd45da32cc68592cc61fff', 'e20feb9b9267', 0.40009, 1, 1, 1),
(199, 200, 1, 2330, 'mw-6a94f2a334a3a12a7d1d72274a7ffc4127d433dc9f50def9c8d44de4e4690592', 'e20feb9b9267', -1.68307, 1, 1, 2),
(200, 204, 1, 2330, 'mw-87de280758264f44eb5325393f65eb022e3b1ab7e657f135ba32411e3bd5fee9', 'e20feb9b9267', -1.5, 1, 1, 3),
(201, 178, 1, 2330, 'mw-881af8d1e1cfca14b8f92bdb43eacbe0f769765feff6417edad050f8f9b58d66', 'e20feb9b9267', -2.5, 1, 1, 3),
(202, 193, 1, 2330, 'mw-8fe4ec44cf4aebe402cbb4ca1240c1d408123542940dad01c2ded630345a2d1b', 'e20feb9b9267', -3, 1, 1, 3),
(203, 202, 1, 2330, 'mw-7850c89449eb3d1626ba8cd02e7c3976306aa9591ac9506cfd0f25ffec9a01a1', 'e20feb9b9267', -0.484401, 1, 1, 0),
(204, 205, 1, 2330, 'mw-f2ad6a6579fa8cbad903cae9df9aa5f05d9b1b7fc63b78190a60343f12a52c93', 'e20feb9b9267', 1.28282, 1, 1, 1),
(205, 148, 1, 2330, 'mw-cf125fb650f8708ce7108d662919a603db8dcf5014380628b900183dc8c365bc', 'e20feb9b9267', -1.5, 1, 1, 3),
(206, 129, 1, 2330, 'mw-3cfbc93150cac4dbedd1829550d8ee89db9715da43255fbbfea0ea7ee1a41749', 'e20feb9b9267', -1.5, 1, 1, 3),
(207, 191, 1, 2330, 'mw-038079b5962fa760f41cff30ed162dace621cc9235d0172b74fe541ed35ec06b', 'e20feb9b9267', -1.5, 1, 1, 3),
(208, 215, 1, 2330, 'mw-cc091a5fb546d64c70984843491f86601ebee89eead9755f1779e582b9bab871', 'e20feb9b9267', 1.21779, 1, 1, 0),
(209, 196, 1, 2330, 'mw-a6195b9e116e80418e0aa518591aa0ce9d21ad0e41fcdd43ffa3c2b1d0f447d6', 'e20feb9b9267', 2.39207, 1, 1, 0),
(210, 192, 1, 2330, 'mw-49d8b56ec7771c0105cc03d36e6b300aa6731c9be1bffecf6ffd46042b11e898', 'e20feb9b9267', -2, 1, 1, 3),
(211, 219, 1, 2330, 'mw-17c227fdff35335f39253045acfb0dd795505049d0216db7d31e9da07514f4c0', 'e20feb9b9267', -2, 1, 1, 3),
(212, 235, 1, 2330, 'mw-17d7abfa560bf8dc68d43421a7ea56a5aed90033e67529daf8416dcad8cba36b', 'e20feb9b9267', -1.5, 1, 1, 3),
(213, 223, 1, 2330, 'mw-03abe7fc857614c3d5251dac436bcf1033551b415620708698787c28fd75f91e', 'e20feb9b9267', -2.12864, 1, 1, 0),
(214, 222, 1, 2330, 'mw-2a19235d12c8cf7d5300797b5602ac247ae51d3c09e8ebfa69fbefbca7d64254', 'e20feb9b9267', -0.629265, 1, 1, 1),
(215, 231, 1, 2330, 'mw-6cb4b1f9c19de7750e81b0cb75e9006270ee747b19881cb9e7ecb0960a53b715', 'e20feb9b9267', -2, 1, 1, 3),
(216, 227, 1, 2330, 'mw-44177d897c9e27e98fd7f3c0758272c77439abae121cde2bb202daa7a1af7943', 'e20feb9b9267', -2.72516, 1, 1, 2),
(217, 209, 1, 2330, 'mw-88f74eedb76427a5e2e0593166d9199494186bacd8a8b874b47eee00dd9d72eb', 'e20feb9b9267', -0.787543, 1, 1, 2),
(218, 180, 1, 2330, 'mw-7facdb09bfeb30dffcf53b10a86d6d0730d653b03a1074b453e895ef804314a6', 'e20feb9b9267', -2, 1, 1, 3),
(219, 228, 1, 2330, 'mw-71a6a7fcd9921d942b0725f2c255e221e07fb5aec475bc405bfc3fe8627d69b0', 'e20feb9b9267', -0.385345, 1, 1, 1),
(220, 226, 1, 2330, 'mw-740434dd7b5cfd76c17f99432396b881c6aabce18b1c1658a008bd2a492d279a', 'e20feb9b9267', -2.5, 1, 1, 3),
(221, 244, 1, 2330, 'mw-219a044a05c2036442385db5bbec97ce3539e24d6b2e4f03a2495b536bd9467f', 'e20feb9b9267', -2, 1, 1, 3),
(222, 240, 1, 2330, 'mw-ff516bf400664911e84795c0cddd5ae39c108e2f72e014e88c417c13db3f851b', 'e20feb9b9267', 2.62526, 1, 1, 0),
(223, 221, 1, 2330, 'mw-0ec165211b1a8960e113aa71432d81f0d28ecc23e5c7d9d3579ab5551faca207', 'e20feb9b9267', 2.62874, 1, 1, 0),
(224, 241, 1, 2330, 'mw-a192ae8e1c8956bb0796d460873082077ca718182a2d14a5e4a4b8abc1536c87', 'e20feb9b9267', -1.5, 1, 1, 3),
(225, 252, 1, 2330, 'mw-e0ee703b10221948c93c663e5e79dc9f9fb739dc9b3e3d0d65daf077ab090e59', 'e20feb9b9267', -0.745164, 1, 1, 0),
(226, 247, 1, 2330, 'mw-dafd2763ee4bc24b08175ee34c222e722658b980bf49762abfb013238febb832', 'e20feb9b9267', -0.845813, 1, 1, 0),
(227, 195, 1, 2330, 'mw-e0c0bf34e8ad279eed78ff43c1988bdc6a4f35943571e29aa91527e5f5993510', 'e20feb9b9267', -3, 1, 1, 3),
(228, 220, 1, 2330, 'mw-3197cd9a5b5e10348f8186c9638d37732a9642c41e52a59292dddeb9ce9457ba', 'e20feb9b9267', -0.193298, 1, 1, 1),
(229, 256, 1, 2330, 'mw-38f24c25257e9443b09e9d6ff2f11c23ae431f858010a9d6c8dc3b4c41704c80', 'e20feb9b9267', 0.796722, 1, 1, 1),
(230, 261, 1, 2330, 'mw-8b3e77888f15d6492a86eadbbfff5d53a58d61fa28427a3497f32b77202a2dd7', 'e20feb9b9267', -2.5, 1, 1, 3),
(231, 266, 1, 2330, 'mw-c80b5c4fe3166da1f9cb5d8f8da2b1e1c1637b2b58ac73d096a777bec00dd1e8', 'e20feb9b9267', -2.5, 1, 1, 3),
(232, 262, 1, 2330, 'mw-e59787c449853a7dbded1d6935a30f0e8b279f389041c3c6599eba15a45ac406', 'e20feb9b9267', 2.4501, 1, 1, 0),
(233, 259, 1, 2330, 'mw-e41538031d854fc803ea742526787605472ea98c27812ed39c0137444fa4b14c', 'e20feb9b9267', 1.52044, 1, 1, 0),
(234, 265, 1, 2330, 'mw-ce8f542df8e370e1503dcf17bab8a4541c0bd62491233086e23a58b4a6b3d7f8', 'e20feb9b9267', 1.22566, 1, 1, 0),
(235, 283, 1, 2330, 'mw-37ce0712922a926835c3325ab64a3d6ded2aacbdb6a9231ef3b4c3c100fda3c9', 'e20feb9b9267', 0.125659, 1, 1, 1),
(236, 281, 1, 2330, 'mw-bd5be298ebee9b5ee96587ddc8f651854bdc19b7d6e3c56605f6ed187511f696', 'e20feb9b9267', -2, 1, 1, 3),
(237, 280, 1, 2330, 'mw-fe4d2c59ed48a6942fdcdb36fa7d593c153fa0d079889c941a80ae338d6da8de', 'e20feb9b9267', -1.5, 1, 1, 3),
(238, 278, 1, 2330, 'mw-eb24afcd1c9ecd20e14066a51fa00bcb231479632a3db61705386f4e72bc69af', 'e20feb9b9267', 1.40572, 1, 1, 0),
(239, 258, 1, 2330, 'mw-31eeffd4db69ffbed6f4c76fffc0ed81bfc1731504aaf0de5190f73d60a178d9', 'e20feb9b9267', -2.23146, 1, 1, 0),
(240, 292, 1, 2330, 'mw-05c5acf292033da7505c943100e3d9f21f95b8dac537d7a6647bf3f976f90d0e', 'e20feb9b9267', 0.404945, 1, 1, 1),
(241, 290, 1, 2330, 'mw-376cde9984520b3c3ebb4fcbd8daeebb508749a80c9660ac943139935dc98990', 'e20feb9b9267', -0.637889, 1, 1, 2),
(242, 299, 1, 2330, 'mw-9648314ee4911cab517a5007b3a67478a3d187ea7d6f0a342dc455c204ac3faa', 'e20feb9b9267', -0.394689, 1, 1, 1),
(243, 303, 1, 2330, 'mw-d8f7f5d0237a0c6523318f8fff56ea442daa21fdf32200dbf41161e4ae8b5e5e', 'e20feb9b9267', -1.5, 1, 1, 3),
(244, 305, 1, 2330, 'mw-3ecbe0d9d104f2574b152689630f5f388989b6dc344939bf3d8cef921fbe6667', 'e20feb9b9267', -1.5, 1, 1, 3),
(245, 144, 1, 2330, 'mw-597d05f464b985711125db851eca13d80fd556c085916daa6efe472c1656e74f', 'e20feb9b9267', -2.4866, 1, 1, 1),
(246, 312, 1, 2330, 'mw-c4ebdd5487bafa69fa85568ca32858032dad6dd20dd34a77768569989d3f1b7c', 'e20feb9b9267', 0.587812, 1, 1, 1),
(247, 295, 1, 2330, 'mw-cfb884ff74f0300e07b64d8e07d6d20386cd9eaf1735d7f20fa4954978219985', 'e20feb9b9267', -2.5, 1, 1, 3),
(248, 316, 1, 2330, 'mw-52ddd37b2660b1e81f096e50266efc7309761cda355788db3b0083275b8d6ba7', 'e20feb9b9267', -1.5, 1, 1, 3),
(249, 311, 1, 2330, 'mw-e96a4ea596d4a936697992a1a3c5a64a9b58fd8cb883245644e62ac2f80a4fd2', 'e20feb9b9267', 0.806953, 1, 1, 1),
(250, 315, 1, 2330, 'mw-f3a71aee30dfed5a41d7ebffcbc93d7c6979da40976d153249ef71da2f09ebf4', 'e20feb9b9267', 0.924074, 1, 1, 1),
(251, 287, 1, 2330, 'mw-f8c0eb60671fb50e6f6cf9433b7e5e3692f1e8598204100ee1d738109d2b0653', 'e20feb9b9267', 1.23408, 1, 1, 0),
(252, 321, 1, 2330, 'mw-f55ff04e38552b42cebaa5da16b2735450655a02d56743fd2b9b381b47070bd5', 'e20feb9b9267', -1.5, 1, 1, 3),
(253, 310, 1, 2330, 'mw-c191fb1da2646082133394428dc1703868fa9e541929d8bb994993eb093957c0', 'e20feb9b9267', -3, 1, 1, 3),
(254, 317, 1, 2330, 'mw-caf6fd07d35613562c801c3969b1372f0331a866fb4d5ee1ba72ccd86a09c807', 'e20feb9b9267', -1.5, 1, 1, 3),
(255, 297, 1, 2330, 'mw-c8467e7e6922ce84f6d9f818019329105bfa4dcc89e6d0597322d795f29c7c3b', 'e20feb9b9267', 0.952172, 1, 1, 0),
(256, 324, 1, 2330, 'mw-686acf5b5a47ffb1b748e9ca6f7fa412a9f3abc12a092cafd2b6565ed2975a0d', 'e20feb9b9267', -1.5, 1, 1, 3),
(257, 322, 1, 2330, 'mw-f6bcd815e6fb301e57bb7f58b14d0a5ba5cde2ee0c8e34650fe1f48c258e709a', 'e20feb9b9267', 0.0851976, 1, 1, 1),
(258, 328, 1, 2330, 'mw-1fbf5e971fc5fd0e15693f561c684184a40236a830eb4ae294897711690d2962', 'e20feb9b9267', -1.5, 1, 1, 3),
(259, 325, 1, 2330, 'mw-05bbfa3c76321abb478abab2f2d797eb5a7b199396c6516676b22f3e548882a6', 'e20feb9b9267', -2, 1, 1, 3),
(260, 334, 1, 2330, 'mw-74af0f1b5764bf45a40bf30e0fb6c187924b315a6d1daf0d0fabb8f3289024b3', 'e20feb9b9267', -1.5, 1, 1, 3),
(261, 331, 1, 2330, 'mw-b0a51e235cbc592c92172decd70c8024560638297e24c30bbf34e68bb09dd462', 'e20feb9b9267', 0.0460848, 1, 1, 1),
(262, 333, 1, 2330, 'mw-97ac8e0e64ffbdc0c395e6ff483a70122e6d9bb4ad7ec367d8c89eddb0f3f137', 'e20feb9b9267', -2.5, 1, 1, 3),
(263, 327, 1, 2330, 'mw-a1b5d26fbe89ea223b333b8bec42c806a54755d68008c9c6df199fadf4832f1f', 'e20feb9b9267', -0.846704, 1, 1, 0),
(264, 345, 1, 2330, 'mw-d1078b819e350aa61adea634aada37f4af1fcbb326977db0d67942f9a3fcc0e3', 'e20feb9b9267', 0.0464152, 1, 1, 0),
(265, 337, 1, 2330, 'mw-1936cd18d2860180aeb6733a74ae2162350532d1ae3d3f5b419d1baf8d4fa950', 'e20feb9b9267', -2, 1, 1, 3),
(266, 340, 1, 2330, 'mw-383054f5b4ec3463bb17b707baa63b576adbf52a178c35f329e30eddedd23113', 'e20feb9b9267', -1.38127, 1, 1, 2),
(267, 329, 1, 2330, 'mw-000bfba8f7f51e343878a8ead14a8e1ebadcfaff42c308704c5145071687392a', 'e20feb9b9267', -0.748713, 1, 1, 1),
(268, 341, 1, 2330, 'mw-059ebf3d5406f6be4c86e14cd4b1dbda78989b3862fb082ba710cee311bcd0c4', 'e20feb9b9267', -1.5, 1, 1, 3),
(269, 330, 1, 2330, 'mw-43c5e20f439251002ba91d510542909f1bb016a621616c471ec70f6e5f12986d', 'e20feb9b9267', -0.783592, 1, 1, 2),
(270, 342, 1, 2330, 'mw-7e9a6d9a8cf860bf5b2d579700f4829ac54acf92c38339e5d372804e40523b59', 'e20feb9b9267', 2.41569, 1, 1, 0),
(271, 351, 1, 2330, 'mw-4de34878da6f90cad525268bab63a4cf2eef4fd3de246fc581eb466a9a2765f6', '407e8d5d059a', -1.05052, 1, 1, 2),
(272, 343, 1, 2330, 'mw-019ecdc66f4ab526573c1fe53123e4212e8ae6f6be7158caf9df6d86e3c00a02', 'e20feb9b9267', 0.893659, 1, 1, 1),
(273, 350, 1, 2330, 'mw-4220c1d399c9c773a29cfcdc396fa41b5f733cc87153d1c59d11804898e8663f', 'e20feb9b9267', -1.54101, 1, 1, 2),
(274, 320, 1, 2330, 'mw-34f59c863e377fbf1f0d47cf2d088cbdde2e483c6c61fbbe6c6a3eb19a3c7d42', 'e20feb9b9267', -1.10187, 1, 1, 2),
(275, 346, 1, 2330, 'mw-65685ebd65bee022963bee68ebe8e281d5e3f05511210ff5bb97a244ed06d4a0', 'e20feb9b9267', 0.0617173, 1, 1, 1),
(276, 357, 1, 2330, 'mw-57066bc06338af877dd728794926413f0af3abd91c9e53b2cbff854099e6797c', 'e20feb9b9267', 0.141392, 1, 1, 1),
(277, 358, 1, 2330, 'mw-41c0356882b7aca01c5ddccf38712d7cdb2bd622febb9b8b3c2ebdcf8e932587', 'e20feb9b9267', 1.691, 1, 1, 0),
(278, 335, 1, 2330, 'mw-6051b5009726a7bf61aa99f801a1717f278eed41aa455da3cd5248320d55952b', 'e20feb9b9267', -5.86675, 1, 1, 2),
(279, 360, 1, 2330, 'mw-6d80af4cc2db91f38408574470ce22ced8c312d3dbcdcd26352bc062d74e0c89', 'e20feb9b9267', 1.97406, 1, 1, 0),
(280, 364, 1, 2330, 'mw-6286a496371ca7bac38b764741034bb991b2ecb4aa2e1ebbd4fb1865ac39c226', '407e8d5d059a', -3, 1, 1, 3),
(281, 347, 1, 2330, 'mw-89c9437c6c110618e9cb51ea29611d6ed8d07499299f0c5f25b3b53ab372c244', '407e8d5d059a', -2.47048, 1, 1, 1),
(282, 338, 1, 2330, 'mw-be79f67bf11e1221cd7ee041c002e7bedf7c79edd68bd5ffc5687f83418969f6', 'e20feb9b9267', 1.89924, 1, 1, 0),
(283, 370, 1, 2330, 'mw-fb2b591a17518c883f9045a9e6d8468294796fe5b6bcc849afc485680a50c3ac', 'e20feb9b9267', 1.41957, 1, 1, 0),
(284, 359, 1, 2330, 'mw-263c5a1660795abc1dee9eddb7753fdb19ad93c10a572e888429869ccf964eb4', 'e20feb9b9267', -1.5, 1, 1, 3),
(285, 376, 1, 2330, 'mw-b1e6d70b20860b120da728b686ef0ff1f0974640cd068fdafca4d5eba01b902c', 'e20feb9b9267', -1.5, 1, 1, 3),
(286, 383, 1, 2330, 'mw-852343f9ab69f056990ee4211c3131444f4009aeb81f60200f172e83cae97d0f', 'e20feb9b9267', -0.00741095, 1, 1, 1),
(287, 378, 1, 2330, 'mw-8e4b0ea0ae3a764414d90fed61ec2f91e359b95abea2280b83b5c149b70d0197', 'e20feb9b9267', 1.78511, 1, 1, 0),
(288, 387, 1, 2330, 'mw-1e61239088109e727b7b3fc07ec4df2b66875a1bd894e53180d0fb24c6edd31b', 'e20feb9b9267', -1.5, 1, 1, 3),
(289, 395, 1, 2330, 'mw-25fbc784c64e092e2a10157b662f95cb65c218900d63ad95c28cf668155a7ca5', 'e20feb9b9267', -1.5, 1, 1, 3),
(290, 372, 1, 2330, 'mw-f061afcf15bf28be9b6b0bb75d47d23d04d8dda46b2e969cec527fc201493771', '407e8d5d059a', -1.07133, 1, 1, 0),
(291, 400, 1, 2330, 'mw-9c255baab2ad4cd8015c1f60b59f94c718d5cb4fe56228a7d7129d8fc3d41ef8', 'e20feb9b9267', -0.163952, 1, 1, 1),
(292, 401, 1, 2330, 'mw-8938da9e0faf9c30849f3e48b67e9d2e8f2690603b69025e5fb5ddb715ed11cb', 'e20feb9b9267', -0.298008, 1, 1, 1),
(293, 390, 1, 2330, 'mw-d1277cf570ad106743d6a871b4bd6ae734764ae43a415a9f0b5d0a5bf74bacb8', 'e20feb9b9267', -1.5, 1, 1, 3),
(294, 277, 1, 2330, 'mw-4a8f8f9ee359fa13498ade43b55d9f6201f0794f20e1afe10694c52a9325d4b4', 'e20feb9b9267', -2, 1, 1, 3),
(295, 403, 1, 2330, 'mw-969f2a188b7973d6134aad5fa5f8d891ffdc655d336d26f35ecbdcb0e1253de7', 'e20feb9b9267', -1.5, 1, 1, 3),
(296, 398, 1, 2330, 'mw-29648590f871990ee3c57e2c28d3580321350bab794338e0f739c269a3c620b0', 'e20feb9b9267', -0.250774, 1, 1, 1),
(297, 410, 1, 2330, 'mw-68f477fa9136fcfd0036dd99475743359bf8e3a963a45ea74d9130ae3c76fdaa', 'e20feb9b9267', -2, 1, 1, 3),
(298, 128, 1, 2330, 'mw-0b5553723de978c6afded896d883946af5753987bfc88606295deb0e7c6a8ee7', 'e20feb9b9267', -3.26141, 1, 1, 2),
(299, 409, 1, 2330, 'mw-8464fa84ca5c5ceb9506de9237703aba1167b16a9ba282c7c7719be2daa356c5', 'e20feb9b9267', -0.272441, 1, 1, 1),
(300, 419, 1, 2330, 'mw-c73fb219abdb4860d9c1bac76406722f21e7210b6328a0381961f7c437cd6873', 'e20feb9b9267', -1.00742, 1, 1, 2),
(301, 371, 1, 2330, 'mw-be81d8938d4242b617fd4d276b6c88193e68ab5e8f5549913aba8449b111877e', 'e20feb9b9267', -1.5, 1, 1, 3),
(302, 399, 1, 2330, 'mw-2bd34098f4473092bf042a5ce20fb5980dc97f6e8e55d0edba70f3126ab49620', 'e20feb9b9267', -0.156456, 1, 1, 0),
(303, 427, 1, 2330, 'mw-63ce2d76a84514915de90465b22d8cc2d1697bed73242bd54da4b56c0b0f0828', 'e20feb9b9267', 0.298374, 1, 1, 1),
(304, 428, 1, 2330, 'mw-40475c5ac949f7db0795a2f480dac945f4b1cc665ee858e337d938f2cac51803', 'e20feb9b9267', -0.202343, 1, 1, 0),
(305, 112, 1, 2330, 'mw-bd6a4a30408a39c4dc9382b260e6c45b51c6bf6ecbf41f0b7d3a4bc68d1e63fd', '407e8d5d059a', 1.65492, 1, 1, 0),
(306, 430, 1, 2330, 'mw-ad05e92a86f2093a98132c2b25ee2732e6ab44d3eb3940bef1f99b3a59321f00', 'e20feb9b9267', -1.5, 1, 1, 3),
(307, 309, 1, 2330, 'mw-613dec5acaea9125cd7e8ea9cc97dc634777bc4ab2029a0572a6b09833a87463', '407e8d5d059a', -0.244429, 1, 1, 1),
(308, 434, 1, 2330, 'mw-934bf019f199525fa11ecc7e6af8e2666537994023ac9910a7e261c571343f19', 'e20feb9b9267', -1.22047, 1, 1, 2),
(309, 425, 1, 2330, 'mw-0b902a849c8db0f580e2076bc2be0e731a921947c37cf3b872a177122b4a740c', 'e20feb9b9267', -1.5, 1, 1, 3),
(310, 433, 1, 2330, 'mw-f09e86a873386ec14ea11acd8584e5e4cf40757fa17b46b40ff9ad6afaf59ab5', 'e20feb9b9267', -1.55706, 1, 1, 0),
(311, 439, 1, 2330, 'mw-47039f75df3161cdfe60a7c99384720ae7d6b648375c681db2d518a5bc464610', 'e20feb9b9267', -3, 1, 1, 3),
(312, 446, 1, 2330, 'mw-d4e6f752b919b3f21ea8953b6713a8037de585d5f4aaa327712a243a2a99d24f', 'e20feb9b9267', -1.25402, 1, 1, 1),
(313, 447, 1, 2330, 'mw-18b833ec27e7976852a23083e5d26e31f277ea5a786a747bd112e070dabe537e', 'e20feb9b9267', -1.90303, 1, 1, 2),
(314, 402, 1, 2330, 'mw-f72d140040c59a795cfe86b2ba5f6637aea206b9fc487d88def327c49758e11e', 'e20feb9b9267', -2, 1, 1, 3),
(315, 449, 1, 2330, 'mw-5fe7d2b0f1a26d8dc26a00156e0ea6a517b5c03059289b7c9ffd80702a079e02', 'e20feb9b9267', 0.398118, 1, 1, 1),
(316, 448, 1, 2330, 'mw-56c7425ff50e58faa7c394ba1f940a7149f63f5f86ad345ffdfb920fca01ccb7', 'e20feb9b9267', 0.0530321, 1, 1, 1),
(317, 452, 1, 2330, 'mw-e3817b36fe4a2d33bf1dc705606e3b77fc4d560f7de7407605087afb202e7080', 'e20feb9b9267', 2.18241, 1, 1, 0),
(318, 456, 1, 2330, 'mw-b7ccbc06d4e406e4fc99ba52d7cdb9a33345ce966411213fa20946a79cdedd35', 'e20feb9b9267', 0.276147, 1, 1, 1),
(319, 458, 1, 2330, 'mw-e56b92d92344bba8f31a5e64f37a6993ac16b2e9c7d9f0c69685713fb27af1a0', 'e20feb9b9267', -2, 1, 1, 3),
(320, 454, 1, 2330, 'mw-2e45a30067a846c45c777b2ff1c3ad403ce6ccd14a5fd14a325e3662e787f924', 'e20feb9b9267', -0.895737, 1, 1, 1),
(321, 438, 1, 2330, 'mw-9adb19a262f70c41b200d3401fb6921511922ad9627d33e2963953ba641432d4', 'e20feb9b9267', 1.42516, 1, 1, 0),
(322, 465, 1, 2330, 'mw-1551615b6f66ac681610e019aea806b942360d481b2338f05160cb44e0677de7', 'e20feb9b9267', 0.398129, 1, 1, 1),
(323, 464, 1, 2330, 'mw-2fef85532b693808de7ca095c5ad328288945b1df371109c7d419dcf1c838812', 'e20feb9b9267', -1.21547, 1, 1, 1),
(324, 461, 1, 2330, 'mw-24987f74f7f56cfd78886b64a25e00f38163562b28d2c299649e2216d25b5eac', 'e20feb9b9267', -3.5, 1, 1, 3),
(325, 459, 1, 2330, 'mw-9f957fc778df2297e7b24f06a3c2c176a24c3462fb10263880e6f08f199f05d0', 'e20feb9b9267', -3, 1, 1, 3),
(326, 472, 1, 2330, 'mw-f9f85f349e5d2a3b55e3493f9d158dbb35046d6216d48b1833e731bc6521581e', '7771a1fd577c', -0.236082, 1, 1, 2),
(327, 479, 1, 2330, 'mw-20ef6dc26ad0d97d5a9fe31311bdbeb2b203c43772e5bc254fe8e4804dc8b54d', '7771a1fd577c', -1.5, 1, 1, 3),
(328, 476, 1, 2330, 'mw-4ceb0265fe436c6f9674f6d23b9216c0d8b111619fbd425f708ef62a2381b7b9', '7771a1fd577c', -1.76329, 1, 1, 2),
(329, 478, 1, 2330, 'mw-7586084893f60ba4b4180fdd3a9401a913fab4750ff4403416c71f0c4d84a3b1', '7771a1fd577c', -0.0858762, 1, 1, 1),
(330, 484, 1, 2330, 'mw-b725bf4b3f8f88f041eda501eb4556d609fef3e7629f6901ad05dccb8444aa62', '7771a1fd577c', -1.11987, 1, 1, 1),
(331, 493, 1, 2330, 'mw-856b541ed51077b85140615a5364eabfbdc4fa8c40439fcdc8b15d7a61d9c6a7', '7771a1fd577c', -0.197794, 1, 1, 1),
(332, 113, 1, 2330, 'mw-8b75a05eb7a2040a204c8f04aa21d187fad7e8dc2d5f7abf09f2264771b7bdb7', '7771a1fd577c', -1.49934, 1, 1, 2),
(333, 270, 1, 2330, 'mw-50f10ff1deed6b31d38caa0a2adc55742067f7ab61d3cf25c1fedcd50dd8ff23', '7771a1fd577c', -1.5, 1, 1, 3),
(334, 504, 1, 2330, 'mw-d1bb68699fdf796e66027a384303dab4b61ad9be5c7feca1b1b281f738960baf', '7771a1fd577c', -1.5, 1, 1, 3),
(335, 498, 1, 2330, 'mw-90e9959eeb1bf0fadaba19e006d7e39f06f76215058ff471982f0e1ef3781953', '7771a1fd577c', 1.26774, 1, 1, 1),
(336, 502, 1, 2330, 'mw-cb76511400764971ec1945ccce10d7c3d7cc85945c4fcb22992b014c7f3c4e5d', '7771a1fd577c', -1.5, 1, 1, 3),
(337, 496, 1, 2330, 'mw-038a151d840d3ce652c217b35c4bf627a5ea00b35580815f58e89b9c3e0b53dd', '7771a1fd577c', -2, 1, 1, 3),
(338, 501, 1, 2330, 'mw-913d45635fa1dc1ede1a100475954781a734861faadb08961508366c0ad0f032', '7771a1fd577c', -2, 1, 1, 3),
(339, 487, 1, 2330, 'mw-03ae0f513da57d89e32b25e8aebc85a0c983709ccf432e38ce8e1c82849cc305', '7771a1fd577c', -1.19806, 1, 1, 2),
(340, 483, 1, 2330, 'mw-2cb4726e12596175f6ff7691815e732af3278b2f7fda2976ef875b9d93df4376', '7771a1fd577c', -1.14379, 1, 1, 2),
(341, 468, 1, 2330, 'mw-adaab7f5488f0cd35e8a357d098f70961639d4499c7d951629011e022089d72f', '7771a1fd577c', -3.5, 1, 1, 3),
(342, 510, 1, 2330, 'mw-82e20f1d98980b1c4c04477464597201f29e3d28cba863d1e16605a4e01a9e2d', '7771a1fd577c', 0.363404, 1, 1, 1),
(343, 518, 1, 2330, 'mw-8ce8495c5daf77301ac5c549dee936dc89b3ec341fe70c87b87d8e52de58ded8', '7771a1fd577c', -0.637167, 1, 1, 2),
(344, 520, 1, 2330, 'mw-bcb137c37c994dc927726de1b10fa703b340c137b8fcefeb0627a1006786c31e', '7771a1fd577c', 1.22614, 1, 1, 0),
(345, 533, 1, 2330, 'mw-12b47a877cdf6771c780ea8bf4a89f1b313ad2bcaf24c27e0f952c633ad44cfc', '7771a1fd577c', 2.09368, 1, 1, 0),
(346, 525, 1, 2330, 'mw-1b07fa8f58166cc67dffa706269b36c30d10c939d963b8cb4b6d12419b3eb36d', '7771a1fd577c', 1.92144, 1, 1, 0),
(347, 527, 1, 2330, 'mw-bde2b51609cba29f79abfae9e697d75b5a478fe326feec8831c610592291667c', '7771a1fd577c', 1.71312, 1, 1, 0),
(348, 339, 1, 2330, 'mw-ea1fe32065cb531ccb3ccc729effac3ea9cb2f8ca46a72c4c1563a20fd7dc23d', '7771a1fd577c', -0.430661, 1, 1, 1),
(349, 534, 1, 2330, 'mw-f5e16e4ff864a93f7e6fac1e8dff73c112e380c5aa6dc1fea61e571a237a5974', '7771a1fd577c', 0.939429, 1, 1, 1),
(350, 537, 1, 2330, 'mw-134ef2eb7da235b7534032bf1fccabb8cde8033d26bb2599d46f9b6fa1e0d3e8', '7771a1fd577c', -3, 1, 1, 3),
(351, 536, 1, 2330, 'mw-92dd86a3e8f9c88b0a4457113149170a085ce4edf5e0868ad57ce1f2f8331e1b', '7771a1fd577c', 2.74314, 1, 1, 0),
(352, 519, 1, 2330, 'mw-838d86b23b3320fb6373d66cb0627fe6dfa579315e0d8c2fd03b7230b513df3e', '7771a1fd577c', 1.34816, 1, 1, 0),
(353, 540, 1, 2330, 'mw-0eace040337c79737f837e712807a94b1166ce00ed2a49facf0e0c24ae8d3b25', '7771a1fd577c', -1.5, 1, 1, 3),
(354, 546, 1, 2330, 'mw-7d409c76a25b1f56cdce6b4cbf23408f2d44a36fe6048517b7bec5f1938ae056', '7771a1fd577c', -1.5, 1, 1, 3),
(355, 230, 1, 2330, 'mw-b0710e3c4013c8832bc1436f26e5fdcadb0fce3043d7c8d8fa8315a005867f49', '7771a1fd577c', 0.0631122, 1, 1, 1),
(356, 548, 1, 2330, 'mw-6873517bc212672e9b8e2980686cd2f879ed76e18690716742e35d70298f24e4', '7771a1fd577c', -1.28541, 1, 1, 2),
(357, 551, 1, 2330, 'mw-dcd92d264f5131e353fa7dce3b0d1d99ad99d81472e86b7e25763fcefc2e6cc0', '7771a1fd577c', -0.381118, 1, 1, 1),
(358, 547, 1, 2330, 'mw-fe5f47d0dd864db6ae2a5770cefd4dfa28f7179c9bae59565274e2c8c26f670e', '7771a1fd577c', 0.475431, 1, 1, 1),
(359, 63, 1, 2330, 'mw-d0026e062756c5021dc342092616cbc14b1378aad43727977a072caa4a86ec8b', '7771a1fd577c', 0.977441, 1, 1, 1),
(360, 554, 1, 2330, 'mw-89bab974088519f7f6dfeea41159d45d5d2bb80919326be9ab1ed2d36a2bedd0', '7771a1fd577c', -3, 1, 1, 3),
(361, 560, 1, 2330, 'mw-fe1fdfe014fcaa867a26844328164652c0fd119d313c0587162d08a928e35530', '7771a1fd577c', 0.591071, 1, 1, 1),
(362, 526, 1, 2330, 'mw-6dd10c2a76f9785295df7c824b99cc08ef523dd29a328c17645518f0ffac9445', '7771a1fd577c', 0.392843, 1, 1, 0),
(363, 565, 1, 2330, 'mw-3f9f4afb7846d5d86d338fbd6ed561ff78b3d4a9a4d767ba24a50d8518e63775', '7771a1fd577c', -3, 1, 1, 3),
(364, 571, 1, 2330, 'mw-deb516d051c702ef97767d395a3ac7a690aa832af0859edd5d8168344cb519d3', '7771a1fd577c', -3.91448, 1, 1, 2),
(365, 578, 1, 2330, 'mw-fdb200ffe9f7f323a4c4807c5ed2a4968a0255ea0b0f5e10b9e67848886239c7', '7771a1fd577c', -1.5, 1, 1, 3),
(366, 580, 1, 2330, 'mw-3b49ad5f9a2e6d06cd82b2d3d1dda799178d95549c91e84b8f60686a3d3a4845', '7771a1fd577c', -0.793492, 1, 1, 1),
(367, 575, 1, 2330, 'mw-0ece366fe0680ab5c4af874b0c182460b6e5bba521eb78df70c001291844020c', '7771a1fd577c', -2, 1, 1, 3),
(368, 577, 1, 2330, 'mw-4607db27d88bc308e969535e511f6fbd0af71eb06b2daea08748f4a1fe6b7b25', '7771a1fd577c', 2.93063, 1, 1, 0),
(369, 579, 1, 2330, 'mw-bb8df269f214499497c045798592638a1b8fed96dad4f1475386cee080cea5e6', '7771a1fd577c', -1.5, 1, 1, 3),
(370, 573, 1, 2330, 'mw-d2887729c3ae9b785978cf4922d87f25d5ad239b4f9b050dbae08af29da284be', '7771a1fd577c', -1.92223, 1, 1, 2),
(371, 576, 1, 2330, 'mw-90f30c89ca32a54874458d559059faac2429cb9b74187fb6828ed3c09b534bda', '7771a1fd577c', 1.97768, 1, 1, 0),
(372, 590, 1, 2330, 'mw-4c9b747916eb79e20f8d1430f99bc247a70bb0dddea93b2e3c64a8d971428d7c', '7771a1fd577c', -1.4159, 1, 1, 2),
(373, 594, 1, 2330, 'mw-4c2592afacac97bae4be413d8b85381d6440a012a874cd665b4b7db0810ba80a', '7771a1fd577c', 1.93125, 1, 1, 0),
(374, 592, 1, 2330, 'mw-17edb94539eca360ac6acd2e070acda5eb55450e1783f86a4aa93ef6de92f1c3', '7771a1fd577c', 0.145964, 1, 1, 0),
(375, 597, 1, 2330, 'mw-957db9ba07b6e327f2dbc17ef90da4b28405f96fcb6ab1031bdbf001a91c5695', '7771a1fd577c', 2.55648, 1, 1, 0),
(376, 602, 1, 2330, 'mw-96033f86995434b2c15a4401e356332abacaeac619bcd23b5f56635bbc7bf3f1', '7771a1fd577c', -2, 1, 1, 3),
(377, 615, 1, 2330, 'mw-ebeb87527f03435814f88a76f6d4d4afe0278d33444006d2137ad7d929e54de5', '7771a1fd577c', -1.04767, 1, 1, 2),
(378, 608, 1, 2330, 'mw-5529da226f5e0d9de718a022e90b8a2eb8a07557d2560f684994e56568dec1eb', '7771a1fd577c', -2.44147, 1, 1, 2),
(379, 609, 1, 2330, 'mw-9c33df083c5f85eaa69e0f354f30cd8c145fedc86bdd2fdfbfe485e5a640cb62', '7771a1fd577c', 0.300926, 1, 1, 0),
(380, 589, 1, 2330, 'mw-2bd6cd53813da8998d10c355abf5e6c159a59a944ea0b5389ad4e8ea687f396c', '7771a1fd577c', 1.96704, 1, 1, 0),
(381, 623, 1, 2330, 'mw-55cc4e480f67c1fedcadd8ecc4c63e2b85c97bec265122e9f4270815a1cd4061', '7771a1fd577c', -2, 1, 1, 3),
(382, 618, 1, 2330, 'mw-3a8d8a539bac07c435e9f558870d97514d45a95065e0a4d3d27f9c5c4e3fc0e2', '7771a1fd577c', -1.5, 1, 1, 3),
(383, 625, 1, 2330, 'mw-e03fdbaf75103ba7f4611906cc9bb10da4ed48017d67879fad9f58dbc064ce74', '7771a1fd577c', 0.510592, 1, 1, 1),
(384, 628, 1, 2330, 'mw-5912c5876404bc5c81ec791a646d5d4564bc9a18904556fdad52f03b6ce47493', '7771a1fd577c', -2, 1, 1, 3),
(385, 630, 1, 2330, 'mw-ffc14e8a9b93f23da54f5ba76afa344486194b18bfb154c7f3b503c6bf250174', '7771a1fd577c', -1.5, 1, 1, 3),
(386, 633, 1, 2330, 'mw-75a333016aa0b10717199bb3e0f38b2ef84497a3b837da7444b6c1b94448a691', '7771a1fd577c', -2.5, 1, 1, 3),
(387, 605, 1, 2330, 'mw-1c98609e8afc190f6069ccb9305ff66dbc53c1c2a7b3a5a277f9e180ed423c04', '7771a1fd577c', 0.618388, 1, 1, 0),
(388, 442, 1, 2330, 'mw-f17e045329e74978b2e7466992e429335848d0c7fbed1e7ff037fd148a151a71', '7771a1fd577c', -0.541601, 1, 1, 1),
(389, 508, 1, 2330, 'mw-9903bc254336b52be75b418c0eee63657e7a3ceedf4b63d3d8cbcbc2a8d1822e', '7771a1fd577c', 0.486143, 1, 1, 1),
(390, 644, 1, 2330, 'mw-ee2e8f4c69a160e90b17c1e89d51b819e707de7f7e003b1cc9a04f9f5c5f48e9', '7771a1fd577c', -1.28289, 1, 1, 2),
(391, 638, 1, 2330, 'mw-48e939ad92f20e6735c8c8641db017bf5d862da0f0b672f5c7af94d18beeb31c', '7771a1fd577c', -0.861646, 1, 1, 2),
(392, 634, 1, 2330, 'mw-6ce873495e72795aa078f659aaa48b4d3719334851d1b9ab2015ad7ab78bbc53', '7771a1fd577c', 0.340297, 1, 1, 0),
(393, 362, 1, 2330, 'mw-482b91a72c83ca38cb2a386a6433001a1c21a448a87655016a83447907595ec8', '7771a1fd577c', -2, 1, 1, 3),
(394, 603, 1, 2330, 'mw-07cf96c39c6ecb633e63bf52b2b46bb53f9cddb5241cf4f74a418dfa6d86dc88', '7771a1fd577c', -0.332228, 1, 1, 2),
(395, 651, 1, 2330, 'mw-ceef2d2ff18474ebe252019f78b6201ad25c8522c0d8f79c598b60e8fd9dc58c', '7771a1fd577c', -1.5, 1, 1, 3),
(396, 656, 1, 2330, 'mw-7dfd7357e991b02fc2afb6fb89e24155a0bc023fdd37318eb0e63c00c80f37cb', '7771a1fd577c', 0.77748, 1, 1, 0),
(397, 654, 1, 2330, 'mw-c764c351f98c4acb08ed7af7da490a4140a4974a968aebd3206a6fceaecc77c0', '7771a1fd577c', 1.34997, 1, 1, 0),
(398, 637, 1, 2330, 'mw-1ff92facdd98a42b079d9274f6e27851b24bd08df3e9d259de87574015e041f9', '7771a1fd577c', -1.5, 1, 1, 3),
(399, 661, 1, 2330, 'mw-fc032b87fd4a24e09af23c594c4781c77dbd92993b4320fea9209b516f9989de', '7771a1fd577c', -1.5, 1, 1, 3),
(400, 666, 1, 2330, 'mw-79b798277e99a166e8606e31964c8a031378a7712121fea7efcae719e75c9fca', '7771a1fd577c', -2, 1, 1, 3),
(401, 85, 1, 2330, 'mw-e0338ef3b2b04f9340314ec56d495d12336c25d35a426f073446bb46c8bd8122', '7771a1fd577c', -0.371936, 1, 1, 1),
(402, 669, 1, 2330, 'mw-9387e976f2b1e24ae8d1201163a80ecf7400286a38920c754660b4450515ba54', '7771a1fd577c', -1.5, 1, 1, 3),
(403, 668, 1, 2330, 'mw-ab34bc97391558a95f7e5720e42f9dc700e13f4de3ed0dd9ba6af62541c7baa6', '7771a1fd577c', 0.807766, 1, 1, 0),
(404, 667, 1, 2330, 'mw-b51b0b13a0a33e011150c52056d4999fa71acf4526dd4f51e4e4995d8e671083', '7771a1fd577c', 0.255551, 1, 1, 1),
(405, 670, 1, 2330, 'mw-ccf38e987467e440bc17daefc5288c0463f29007692bd90bccf7bba858dbfda1', '7771a1fd577c', 1.77893, 1, 1, 0),
(406, 593, 1, 2330, 'mw-cb54edac81a9ec097357ee5da9df23b59d3a4ee90c605eef8564693e571b21c7', '7771a1fd577c', 1.62337, 1, 1, 0),
(407, 679, 1, 2330, 'mw-8b66d3e80b654cc85fc2cc019c1f820e0000764545ee2169b45918c35dab18c7', '7771a1fd577c', 0.213408, 1, 1, 1);
INSERT INTO `Task` (`TaskId`, `UID`, `CampaignId`, `sequenceStart`, `token`, `campaign`, `rating`, `finished`, `isRated`, `missed`) VALUES
(408, 674, 1, 2330, 'mw-d426362f6a99cd4cfaa6edf115cbc4b478cb6e30e9e2584d26f9e3d2496071a2', '7771a1fd577c', 0.436084, 1, 1, 0),
(409, 683, 1, 2330, 'mw-0c492f0d7350332746f09dc9e391efe79ca7cd6ecb2645043fab09a5603f44bb', '7b841ce4cb28', -2, 1, 1, 3),
(410, 686, 1, 2330, 'mw-681eeddcdf96285601270525c67e1c06c79a9fa9145f1e66760f8c3a15eee1a8', '7b841ce4cb28', -1.5, 1, 1, 3),
(411, 469, 1, 2330, 'mw-e2a3868071c8ddccfb67e18e1b9a5848d39e64039b335a7f7c6bab5a8b4cd01d', '7b841ce4cb28', -1.5, 1, 1, 3),
(412, 692, 1, 2330, 'mw-24dc7e3f22a4c375009d4b0aa516728b5f2b42a951a329bc89c485bca79e3c77', '7b841ce4cb28', 0.873926, 1, 1, 1),
(413, 688, 1, 2330, 'mw-930ad2300f6dbf7f007e6c77e13325f731fe87bcf8255ec3c87ebf84e4459fb8', '7b841ce4cb28', -3.53962, 1, 1, 1),
(414, 690, 1, 2330, 'mw-109c2ac1b3fae484432f1715b4d5319708c6b3ecf503098ed4eb539f6fdc78d5', '7b841ce4cb28', 0.611122, 1, 1, 1),
(415, 691, 1, 2330, 'mw-3f455706821c56d175c22cf1f1d58d147886b5943cdf4ee4f5adac6158e96ca7', '7b841ce4cb28', -2, 1, 1, 3),
(416, 693, 1, 2330, 'mw-ae1b5bbbcec7c8d5ede2b79c4d8224017531a21566a79b1c36292751206275db', '7b841ce4cb28', -0.362769, 1, 1, 0),
(417, 701, 1, 2330, 'mw-78a281b0795cca1cd1973d01315d5b887f2e6ba70adf0f5b0d2728679b06bc5b', '7b841ce4cb28', 0.146005, 1, 1, 1),
(418, 698, 1, 2330, 'mw-7ef2725e6576df80b99bfc962e8333975e71c2508985e00b062dfdc1a6d37d83', '7b841ce4cb28', -1.93868, 1, 1, 2),
(419, 699, 1, 2330, 'mw-a26ba92c61712a22b2f5692f622b925675277e433a1471948eeac54ca0b7c556', '7b841ce4cb28', 0.124801, 1, 1, 1),
(420, 704, 1, 2330, 'mw-fc21668b2b22eea1691f8edd6dc9d8e3b374b775f9a3613bff7989427c7c2323', '7b841ce4cb28', -2, 1, 1, 3),
(421, 713, 1, 2330, 'mw-9e14b546bd99cea4e02c8c78b83a850e675a7a1d2f83e64c8e6499beff68dd83', '7b841ce4cb28', -0.388651, 1, 1, 1),
(422, 712, 1, 2330, 'mw-29097bdb3ca945fe3bb481e299f4914305c1ece009f4a1f16668adfff0b40af2', '7b841ce4cb28', -6, 1, 1, 3),
(423, 716, 1, 2330, 'mw-75e87f6eb686ba8ec9aa6ac73cbe9c4c7bcb0720090131b5995317a52c23e4e5', '7b841ce4cb28', -7, 1, 1, 3),
(424, 719, 1, 2330, 'mw-379b53f77e27b81ff26090131b7bf5e280a7d6fe2edecd216f1f5490f06e0656', '7b841ce4cb28', -1.18859, 1, 1, 2),
(425, 723, 1, 2330, 'mw-ba902e64e2484e0b60eda632be53e4b1c0185c33f08d49e038a40f61d6c4df76', '7b841ce4cb28', 0.520747, 1, 1, 1),
(426, 725, 1, 2330, 'mw-809a0dcc423afc3273b0196357174c119e1c95823edc1c142d894da6a6ac4894', '7b841ce4cb28', 1.30453, 1, 1, 1),
(427, 727, 1, 2330, 'mw-58c097fcff026a15a14b29e75f09334ee8a9b21c3889c346b76b23624d064ded', '7b841ce4cb28', -1.5, 1, 1, 3),
(428, 720, 1, 2330, 'mw-bdf65df4a893ddfd4da31727cb1302600f4cec392900ef42160120d62f78c666', '7b841ce4cb28', -2.5, 1, 1, 3),
(429, 729, 1, 2330, 'mw-95489a62ffde15a7628cb650daef9e5644505c5c6b76a3b888721d840c9a1fb3', '7b841ce4cb28', -1.58105, 1, 1, 2),
(430, 726, 1, 2330, 'mw-8f05d1a78c7b034358031b5d08c06750c94861c0c23c6de194ea5179d927fd1e', '7b841ce4cb28', -0.165504, 1, 1, 1),
(431, 734, 1, 2330, 'mw-51d9fa7f2fc7937ee34522c1d53299b817485aa23f54595e8452faf42a6d51c1', '7b841ce4cb28', -2, 1, 1, 3),
(432, 732, 1, 2330, 'mw-1792f1be747522fbdaa2fd8e1b4fca48f15d3cbedd8635b3eb146486f3a8b53c', '7b841ce4cb28', -2, 1, 1, 3),
(433, 733, 1, 2330, 'mw-b631e16cbd86b391744567cd80aeffde10f32811401baf6814918291fc97fd4c', '7b841ce4cb28', -2, 1, 1, 3),
(434, 739, 1, 2330, 'mw-2a6f1c71e20106f8b6a6d80c86d2b6d028684e66429fe7f40312d3ba8a7bd39b', '7b841ce4cb28', -1.5, 1, 1, 3),
(435, 742, 1, 2330, 'mw-ab3dd540bd1308f446b5a5d6d2941fb532cc7900712c9ab92f43ffb3d0602675', '7b841ce4cb28', 0.372659, 1, 1, 1),
(436, 451, 1, 2330, 'mw-2d30909ca062a86407c30c7c77b2606f4d8fc2cb34dd3b9ec96029fd30b1f487', '7b841ce4cb28', -3.34878, 1, 1, 1),
(437, 743, 1, 2330, 'mw-05897e3716cde26009b25a9d7e90d0aeddcb57f6d729ec3c529984fa60c5d844', '7b841ce4cb28', 0.323962, 1, 1, 0),
(438, 737, 1, 2330, 'mw-c20c4389ff18b792d4d86aa9531d19db8291130e6e25dad98c19987cf459a977', '7b841ce4cb28', 0.938933, 1, 1, 0),
(439, 746, 1, 2330, 'mw-35f0b14b9aa42775bba7c8db488029d56ffd9c4c01a8096662f362ad0155f42b', '7b841ce4cb28', 0.0910842, 1, 1, 1),
(440, 747, 1, 2330, 'mw-ea0a100139593bd97ebe2b649c52922df86cf08fae7641c48148a5d86ae891aa', '7b841ce4cb28', -1.7769, 1, 1, 2),
(441, 749, 1, 2330, 'mw-cde39501aecb16c0fc0c964d5f8f527645256c1c6c574db4e5d19fdce02b3493', '7b841ce4cb28', -1.5, 1, 1, 3),
(442, 741, 1, 2330, 'mw-20f21c74a9c47a3ac8e0d1d3bc8a8260418f57bf08618875ecd43e4e9f1ccafc', '7b841ce4cb28', -2, 1, 1, 3),
(443, 751, 1, 2330, 'mw-5f2b31b80bb52726133a72922fd4a57f0b157c6b41c8d1cd812ca2c3d608af3f', '7b841ce4cb28', -1.37739, 1, 1, 2),
(444, 753, 1, 2330, 'mw-f594fa42f7f3f6927ba6076d194904e19b7205ccb97f3324c630f3d50c7dd28a', '7b841ce4cb28', -3.5, 1, 1, 3),
(445, 752, 1, 2330, 'mw-c98382b847c118227d47a15ee98628e1c3ea39e5df16f335ca6f17d6f0277473', '7b841ce4cb28', -2.5, 1, 1, 3),
(446, 611, 1, 2330, 'mw-dfe120cb92a3b35898ecb0af32bcbf2ee12c90219ab14b0676b22c0c722dca64', '7b841ce4cb28', -1.5, 1, 1, 3),
(447, 760, 1, 2330, 'mw-d98586452f7ecfb457c810dca8ce33ebe14ddbb9fefcb0ed9aaba937989fd71a', '7b841ce4cb28', 0.4303, 1, 1, 1),
(448, 748, 1, 2330, 'mw-7b1b68acc100eacd742de4a1be08ba66d9d1cc1db039b419d442ef6fa15ac8ae', '7b841ce4cb28', 0.0868087, 1, 1, 0),
(449, 744, 1, 2330, 'mw-d986090685b857202ba6e312dee360f8abd65fef79af069d0392c450ea469db7', '7b841ce4cb28', -0.306338, 1, 1, 0),
(450, 757, 1, 2330, 'mw-1971037b426d7ef2b9061bdbd07eba69730e941dc63d1c40fd246d575dce4ec5', '7b841ce4cb28', -0.0436078, 1, 1, 0),
(451, 766, 1, 2330, 'mw-f53062c897fd521a49015f15d177a0d8940a555660e899f3d5c59f19253e2a11', '7b841ce4cb28', -4, 1, 1, 3),
(452, 763, 1, 2330, 'mw-416275e2b3335022ffca9741668f9cc4cd4c843c84a3989848dcb1c907673004', '7b841ce4cb28', -0.29999, 1, 1, 0),
(453, 768, 1, 2330, 'mw-b72c3afa87cfd5b53d359d2aab591984195e3a63caefd0683f10ac0194ac1dc1', '7b841ce4cb28', -1.5, 1, 1, 3),
(454, 158, 1, 2330, 'mw-7812ce73a0e29ca4751b6c69efbf55c5f3b8812ef178a067041392b582c39ac5', '7b841ce4cb28', 0.47788, 1, 1, 1),
(455, 778, 1, 2330, 'mw-ed5d0c2956790dc613b8b679357f900e5e80ae7f4d0d6de2da291c83d6d305c0', '7b841ce4cb28', -1.5, 1, 1, 3),
(456, 783, 1, 2330, 'mw-4936884b57ffa44b4e43ba881d05bad05fa9e38fa0bd7b02748645b238b55a6a', '7b841ce4cb28', -1.69538, 1, 1, 1),
(457, 782, 1, 2330, 'mw-8f940fb2f273906c44f800b7f25e6a04c77c5caa930278a8b280bc4f665ebebc', '7b841ce4cb28', 0.607062, 1, 1, 1),
(458, 781, 1, 2330, 'mw-fb67debf6cb17f5f16a0f5f0842c5094a13d9ce09d437540f455a37c358d996c', '7b841ce4cb28', 0.32242, 1, 1, 1),
(459, 785, 1, 2330, 'mw-e4470811ecb0fc0d1275d3c5aed113c0b174bb7ad0847184ba9162bf8c319001', '7b841ce4cb28', -1.6111, 1, 1, 2),
(460, 788, 1, 2330, 'mw-0da33a547b2da3f51d781836d09c99c16f5957d5ec2b253c4bea5ed31a81eeb8', '7b841ce4cb28', -2, 1, 1, 3),
(461, 784, 1, 2330, 'mw-f360aa5a67c92ffae5a72271cb5cf0f1a01d1c5ab661ca23e8d992f3876bed0b', '7b841ce4cb28', -7.23862, 1, 1, 2),
(462, 793, 1, 2330, 'mw-a6bf2cd36ac40ff7f536dbb5fc2c33ee9dbd2d2d5003168b3e5311a539682e07', '7b841ce4cb28', -1.5, 1, 1, 3),
(463, 794, 1, 2330, 'mw-6016e8a66d81fe192b479805e1148f7d129643f88fb50e4abf916c3a8b5c9432', '7b841ce4cb28', -1.5, 1, 1, 3),
(464, 789, 1, 2330, 'mw-ed800b602aaf505383432770414c5696707510cc7ff5ef1bdbea0896841e3cc5', '7b841ce4cb28', -2, 1, 1, 3),
(465, 787, 1, 2330, 'mw-a1097cfe7d97ba53814de6853ef33010168f9a4a98640fdf734c303b7d42c564', '7b841ce4cb28', -0.48222, 1, 1, 2),
(466, 792, 1, 2330, 'mw-eadf0f57dfa248ef6248aa42bede8d94101eae185a7186489ba8136c8e3a977c', '7b841ce4cb28', -2.5, 1, 1, 3),
(467, 796, 1, 2330, 'mw-e5b3c2b8589938ac9d4f1d3509f5f91b68eef3812e69142c6890c6c80e9afef5', '7b841ce4cb28', -1.5, 1, 1, 3),
(468, 486, 1, 2330, 'mw-25fbc63fe4f2e0d5881bea66c5b5bc51e0a4ee1f1be6debbab23bf54b5069b5b', '7b841ce4cb28', -1.48182, 1, 1, 2),
(469, 777, 1, 2330, 'mw-8afcf78483e4e0f5b4cd5eedcfeecb24fda022f79648381d02dbe6fbe42f06c7', '7b841ce4cb28', -0.429724, 1, 1, 2),
(470, 393, 1, 2330, 'mw-77167165dc604185981c86a6769b407a3b6f97fcebe8ee3decdb26044fc2a92b', '7b841ce4cb28', 0.872397, 1, 1, 0),
(471, 795, 1, 2330, 'mw-9fb138beccc17ecb771da90a2e8572288813fafb03e9bc5b466aa34337cccf3b', '7b841ce4cb28', 1.22563, 1, 1, 0),
(472, 806, 1, 2330, 'mw-f88e72bdb403867658ac3cd83960c44591e31fe0c7e4ccefcd2e926947f80342', '7b841ce4cb28', -1.5, 1, 1, 3),
(473, 801, 1, 2330, 'mw-7d593cd260ebfaf381b5e412de033e30bf19998624d04d7b95c54cdc08d5f89e', '7b841ce4cb28', -1.11027, 1, 1, 1),
(474, 535, 1, 2330, 'mw-ddc075e7e0ccfe61bb2e63a2b5ec9a65d0b7eba6442430da100afe48c487bfe1', '7b841ce4cb28', -1.5, 1, 1, 3),
(475, 211, 1, 2330, 'mw-6620304ab31ed59a7f8908a57897229a0e25ce991ec9bbf7182a7fd6e774e4c1', '7b841ce4cb28', -1.20349, 1, 1, 2),
(476, 815, 1, 2330, 'mw-5ca00cac2f293bba919547b3eb9d2f5c378c9880688e1c5ea7c01023c18ec7c0', '7b841ce4cb28', -1.5, 1, 1, 3),
(477, 816, 1, 2330, 'mw-e67c2b294f91b9ce77dc9f43d996680634c5b5d257c8b90307012803777482f8', '7b841ce4cb28', 0.932965, 1, 1, 1),
(478, 809, 1, 2330, 'mw-277f7292013073882b06ce8e5d50ca79b0fe58dfa896019b24f69908c5104c6b', '7b841ce4cb28', -0.239667, 1, 1, 0),
(479, 818, 1, 2330, 'mw-3371e6aa55869438b4b1c2ec2fe9e87ba90e5afed5edeff4c77e3f6bb0932645', '7b841ce4cb28', -2, 1, 1, 3),
(480, 820, 1, 2330, 'mw-8ab8cd800dc949cfdef74c442c4d8609157eed646a779f0e72784710c0f12275', '7b841ce4cb28', -1.5, 1, 1, 3),
(481, 823, 1, 2330, 'mw-4662b85a2732f9282312816a20eb6966debcf06b2c3e4224431d3073d35fa130', '7b841ce4cb28', -1.5, 1, 1, 3),
(482, 827, 1, 2330, 'mw-1aa359345187897d4da99bfe9579dd8e055361afd67040c7edfe447896dd9fd4', '7b841ce4cb28', -2, 1, 1, 3),
(483, 829, 1, 2330, 'mw-4d821cad89ae5531f9c6902209e803e7e8f0e7a0f64d4592194efdc6f31751af', '7b841ce4cb28', -0.763153, 1, 1, 2),
(484, 833, 1, 2330, 'mw-8db2f58141b8e216de6e0a294f6c60ed348ed6e1e948951e8d98d00faef44e34', '7b841ce4cb28', -1.5, 1, 1, 3),
(485, 288, 1, 2330, 'mw-e7228f50dc40065fc48738df91d890a6ec3a139c388c1a3c5c7f9308ede31844', '7b841ce4cb28', -2, 1, 1, 3),
(486, 832, 1, 2330, 'mw-07bca456fc2d7b89461bb29bd2129c75493ab406ce91cd7130e3b516146ce71b', '7b841ce4cb28', 0.676586, 1, 1, 0),
(487, 839, 1, 2330, 'mw-874dffbf13b54795c73beeb36c18eae448ac399c6995bb23659a52fa9cdfbb31', '7b841ce4cb28', -1.39773, 1, 1, 2),
(488, 844, 1, 2330, 'mw-16d82219bda6b4e370da646dfd604160f155a4b811b83ec9887b388c8d0d1265', '7b841ce4cb28', -1.5, 1, 1, 3),
(489, 845, 1, 2330, 'mw-dbe6cba282698920e67893fc4cd56b4505d69c0fadff961f923b8e322ccfd8d9', '7b841ce4cb28', -1.62771, 1, 1, 2),
(490, 843, 1, 2330, 'mw-44e217b22a729dfc524164964f37a7c9d787e509fab3b71b3968cb56896f9566', '7b841ce4cb28', -0.572087, 1, 1, 1),
(491, 846, 1, 2330, 'mw-9c4698266aeae8035e81517e48eb9949a1df55f98aeff5f2bc66809c36b807be', '7b841ce4cb28', -2, 1, 1, 3),
(492, 681, 1, 2330, 'mw-b7492ffb4cb2b62cebd1e0221a21c16f19cab26410bb51efc94f3480e7750fab', '7b841ce4cb28', -1.84144, 1, 1, 2),
(493, 851, 1, 2330, 'mw-72a4a7b86a662af929c6f8f6ba6adc7de5c556aee630b8eb1717f46868925d90', '7b841ce4cb28', -0.617495, 1, 1, 1),
(494, 850, 1, 2330, 'mw-475b7f94a686b2dfc2570ee4cfb769193c5327dba597eb26f43f5340d233fe44', '7b841ce4cb28', -1.22033, 1, 1, 1),
(495, 853, 1, 2330, 'mw-b8d8f2928893220ee6a59fab22349a30390554e8447566ce5beb188f0c967f4e', '7b841ce4cb28', -0.127075, 1, 1, 1),
(496, 856, 1, 2330, 'mw-0dad9e55e3cb92d6e92e635de784f0f850e810c8fb7d422f66f36d5ba50b94ed', '7b841ce4cb28', -0.0839153, 1, 1, 1);

-- --------------------------------------------------------

--
-- Table structure for table `TaskInProgress`
--

CREATE TABLE IF NOT EXISTS `TaskInProgress` (
  `TaskId` int(11) NOT NULL,
  `started` timestamp NOT NULL DEFAULT '0000-00-00 00:00:00' ON UPDATE CURRENT_TIMESTAMP,
  KEY `TaskId` (`TaskId`)
) ENGINE=InnoDB DEFAULT CHARSET=latin1;

-- --------------------------------------------------------

--
-- Table structure for table `Teams`
--

CREATE TABLE IF NOT EXISTS `Teams` (
  `TeamId` int(11) NOT NULL AUTO_INCREMENT,
  `TeamName` varchar(30) DEFAULT NULL,
  UNIQUE KEY `TeamId` (`TeamId`)
) ENGINE=InnoDB  DEFAULT CHARSET=latin1 AUTO_INCREMENT=44 ;

--
-- Dumping data for table `Teams`
--

INSERT INTO `Teams` (`TeamId`, `TeamName`) VALUES
(30, 'Bolton Wanderers'),
(43, 'Manchester City');

-- --------------------------------------------------------

--
-- Table structure for table `Users`
--

CREATE TABLE IF NOT EXISTS `Users` (
  `UID` int(11) NOT NULL AUTO_INCREMENT,
  `microworkersId` varchar(300) NOT NULL,
  `finishedBasic` int(11) DEFAULT NULL,
  `email` varchar(100) DEFAULT NULL,
  `userRating` float NOT NULL,
  PRIMARY KEY (`UID`)
) ENGINE=InnoDB  DEFAULT CHARSET=latin1 AUTO_INCREMENT=857 ;

--
-- Dumping data for table `Users`
--

INSERT INTO `Users` (`UID`, `microworkersId`, `finishedBasic`, `email`, `userRating`) VALUES
(1, '{{MW_ID}}', 0, NULL, 0),
(2, '760e1b3c', 1, NULL, 2.07818),
(3, 'df93ed02', 1, NULL, 0.987936),
(4, '6bf34e1d', 1, NULL, -3),
(5, '1b1820ec', 1, NULL, -0.231532),
(6, '20a52985', 1, NULL, 1.17746),
(7, '78a99cef', 0, NULL, 0),
(8, 'b6b1c2fd', 1, NULL, -1.61873),
(9, '84215bf4', 0, NULL, 0),
(10, '9076013c', 0, NULL, 0),
(11, '9a32e15c', 1, NULL, -2),
(12, '7285f9c9', 1, NULL, -1.84922),
(13, 'ed57bdd7', 0, NULL, 0),
(14, '3160af50', 0, NULL, 0),
(15, 'c4079d55', 0, NULL, 0),
(16, 'a25d3504', 1, NULL, -2),
(17, '52f358b6', 0, NULL, 0),
(18, '87a3b0e9', 1, NULL, -0.493844),
(19, '554801e4', 0, NULL, 0),
(20, 'a305dc2a', 1, NULL, -0.514624),
(21, '13b0ff98', 1, NULL, -2),
(22, '403f2065', 0, NULL, 0),
(23, '8ab5d430', 1, NULL, -0.39256),
(24, '1ca085a1', 0, NULL, 0),
(25, 'add67477', 1, NULL, -0.299598),
(26, 'aaeef5a6', 0, NULL, 0),
(27, 'a4fa3401', 0, NULL, 0),
(28, '96d47838', 1, NULL, -2.04348),
(29, 'd4413808', 1, NULL, -0.959971),
(30, '74eda374', 0, NULL, 0),
(31, '094e0ced', 0, NULL, 0),
(32, 'de6128a2', 0, NULL, 0),
(33, '0d0a8584', 1, NULL, 0.68508),
(34, 'aa12eb0b', 0, NULL, 0),
(35, 'a5b438a0', 0, NULL, 0),
(36, '8c7932b6', 0, NULL, 0),
(37, '4d259cb7', 0, NULL, 0),
(38, 'dc198225', 0, NULL, 0),
(39, 'a2f83a45', 1, NULL, -0.653838),
(40, 'ac30d91f', 1, NULL, -4),
(41, '5ba167bd', 0, NULL, 0),
(42, 'e256831c', 1, NULL, -0.406632),
(43, '0ef6a877', 0, NULL, 0),
(44, '48b81b51', 0, NULL, 0),
(45, 'd44945d1', 1, NULL, -1.5),
(46, '69c66858', 0, NULL, 0),
(47, '5a0be361', 0, NULL, 0),
(48, '4ab37cbe', 1, NULL, 2.23283),
(49, '9e9393c8', 0, NULL, 0),
(50, 'a8ae5daa', 1, NULL, -5),
(51, '4d7a4d72', 1, NULL, -0.530091),
(52, '78747d51', 1, NULL, -1.7268),
(53, 'eab7e692', 0, NULL, 0),
(54, '24d756c6', 1, NULL, -3),
(55, '922af2b6', 1, NULL, -2.8836),
(56, 'e9df83be', 1, NULL, 0.636461),
(57, '53d88cbd', 1, NULL, -0.223076),
(58, '54db1aaf', 0, NULL, 0),
(59, 'a69d4bb7', 1, NULL, -1.35137),
(60, '7e8d1cc6', 0, NULL, 0),
(61, '6ef9f308', 1, NULL, -2.5),
(62, 'eb7b4f80', 1, NULL, -4),
(63, '2212a59d', 1, NULL, 0.977441),
(64, 'cbe887a5', 1, NULL, 3.28129),
(65, '6b283770', 1, NULL, 0.0947983),
(66, '6f9316f9', 0, NULL, 0),
(67, '66f83207', 1, NULL, -1.5),
(68, '6a8b52fc', 1, NULL, -12),
(69, '1c390b35', 1, NULL, -1.23808),
(70, '2222e42e', 1, NULL, -0.241222),
(71, '5f2f6e2f', 0, NULL, 0),
(72, '1e7f323e', 1, NULL, 2.08951),
(73, '841dddbb', 1, NULL, -0.945096),
(74, '3c054977', 0, NULL, 0),
(75, '4e9a1f93', 0, NULL, 0),
(76, '31ca2386', 0, NULL, 0),
(77, '53bd4ef2', 0, NULL, 0),
(78, 'ed5f50a1', 1, NULL, -2),
(79, 'af2e40a6', 1, NULL, -1.5),
(80, '595cfff6', 1, NULL, -1.16098),
(81, '76f652b9', 0, NULL, 0),
(82, '666e7089', 1, NULL, 1.94675),
(83, 'c78ced1e', 0, NULL, 0),
(84, '08fa6ae4', 0, NULL, 0),
(85, '9a2337cc', 1, NULL, -0.371936),
(86, 'b2f0ed8d', 0, NULL, 0),
(87, '1b914baf', 0, NULL, 0),
(88, 'b8414227', 0, NULL, 0),
(89, 'e3efe310', 1, NULL, -2),
(90, 'ca09d5fa', 0, NULL, 0),
(91, '34890804', 1, NULL, 1.17476),
(92, '1f94eb2c', 0, NULL, 0),
(93, 'ea87d50b', 1, NULL, -0.212789),
(94, '5e3a0f66', 0, NULL, 0),
(95, 'f51993c3', 1, NULL, -0.0435835),
(96, '64cdc353', 1, NULL, -1.5),
(97, '8fb257eb', 1, NULL, -1.5),
(98, 'ecd4e046', 0, NULL, 0),
(99, 'd9fc3a70', 0, NULL, 0),
(100, '030e55c2', 0, NULL, 0),
(101, '2cfb1756', 1, NULL, -1.5),
(102, 'eb40b498', 1, NULL, 0.40009),
(103, '453f3275', 1, NULL, 1.8835),
(104, '8960d976', 0, NULL, 0),
(105, '5dbd052d', 1, NULL, -4.5),
(106, '95c84f95', 0, NULL, 0),
(107, 'f057eb49', 1, NULL, -3),
(108, '3d9c856c', 1, NULL, -1.5),
(109, '8a50e1cf', 0, NULL, 0),
(110, '85aecdb2', 0, NULL, 0),
(111, '4f1f4016', 1, NULL, 2.06568),
(112, '9cbf33dc', 1, NULL, 1.65492),
(113, '494ea43a', 1, NULL, -1.49934),
(114, 'ddd9ac7f', 0, NULL, 0),
(115, '3e9a5e04', 1, NULL, -2),
(116, '15c7eaab', 0, NULL, 0),
(117, 'f458b572', 1, NULL, -1.5),
(118, '92850b3e', 1, NULL, -1.57788),
(119, 'dbef5ff6', 1, NULL, -2.5),
(120, '4d2a2af8', 1, NULL, -4),
(121, '531b9b49', 1, NULL, -0.859431),
(122, 'a92081b1', 1, NULL, -3),
(123, 'c0898ff5', 1, NULL, 0.919362),
(124, 'bce8960a', 1, NULL, -1.87204),
(125, 'dc27ec75', 0, NULL, 0),
(126, 'a7545c66', 1, NULL, -3),
(127, 'b7593a83', 0, NULL, 0),
(128, 'c14e2eb6', 1, NULL, -3.26141),
(129, '808446de', 1, NULL, -1.5),
(130, 'e7a194c2', 1, NULL, 2.25695),
(131, '250aeb9c', 1, NULL, 2.81124),
(132, 'c7b96f43', 0, NULL, 0),
(133, '6e2365d3', 1, NULL, -4.5),
(134, '509cf6c6', 0, NULL, 0),
(135, '8a44cc94', 0, NULL, 0),
(136, 'cd9a1543', 1, NULL, -0.819885),
(137, '8773eed9', 0, NULL, 0),
(138, '5b611c2e', 0, NULL, 0),
(139, 'ce7b0187', 0, NULL, 0),
(140, '8d7af4e6', 1, NULL, 0.747102),
(141, 'a906152c', 0, NULL, 0),
(142, '5c5fae6a', 0, NULL, 0),
(143, 'dd3413cf', 1, NULL, -1.5),
(144, 'd1c5d810', 1, NULL, -2.4866),
(145, 'e7040fd5', 1, NULL, -0.917725),
(146, 'f985f812', 1, NULL, -1.32313),
(147, 'a4246350', 1, NULL, 1.98734),
(148, 'b9a02911', 1, NULL, -1.5),
(149, '4e5af56c', 0, NULL, 0),
(150, 'cc5702e9', 1, NULL, -1.5),
(151, '175b3285', 0, NULL, 0),
(152, '93ab3f09', 0, NULL, 0),
(153, 'c94b4cef', 0, NULL, 0),
(154, 'cde9f944', 0, NULL, 0),
(155, '42a3e3f9', 0, NULL, 0),
(156, '23548f24', 1, NULL, -0.799522),
(157, '309d46dc', 0, NULL, 0),
(158, '940d61e8', 1, NULL, 0.47788),
(159, 'a0be1b7a', 0, NULL, 0),
(160, '65d317e3', 0, NULL, 0),
(161, 'f5690722', 1, NULL, -2),
(162, '369db436', 0, NULL, 0),
(163, '914ef0d1', 1, NULL, -4),
(164, 'a3fd26e3', 0, NULL, 0),
(165, '32c741f3', 0, NULL, 0),
(166, '661eeae1', 0, NULL, 0),
(167, '0e793f44', 1, NULL, -2.5),
(168, '5b16d36d', 0, NULL, 0),
(169, '1338978d', 0, NULL, 0),
(170, '', 0, NULL, 0),
(171, 'd35ebcab', 1, NULL, -2.5),
(172, '62f87c74', 1, NULL, -1.5),
(173, '774252bb', 1, NULL, -6.5),
(174, '77846e49', 0, NULL, 0),
(175, 'c2323d59', 0, NULL, 0),
(176, '2f62c4c3', 0, NULL, 0),
(177, 'c8eeeff2', 1, NULL, -0.514316),
(178, '59e57825', 1, NULL, -2.5),
(179, 'c92d5663', 1, NULL, -1.42768),
(180, '869390ca', 1, NULL, -2),
(181, 'b3542376', 0, NULL, 0),
(182, '2a28b293', 0, NULL, 0),
(183, '248b723d', 0, NULL, 0),
(184, '052e2730', 0, NULL, 0),
(185, '869643a3', 0, NULL, 0),
(186, '1f57f7a7', 1, NULL, -0.838931),
(187, 'a429c089', 1, NULL, -2),
(188, '0a07c906', 1, NULL, -0.79683),
(189, 'd3a12cbc', 0, NULL, 0),
(190, 'a3018540', 0, NULL, 0),
(191, '4beb3918', 1, NULL, -1.5),
(192, 'da966c27', 1, NULL, -2),
(193, '8db9932a', 1, NULL, -3),
(194, '3674d7bd', 1, NULL, 2.45106),
(195, 'f0072cfa', 1, NULL, -3),
(196, '3045bc6d', 1, NULL, 2.39207),
(197, '832b26d9', 1, NULL, 1.76362),
(198, '0b88614f', 1, NULL, 0.54151),
(199, 'f6058c5d', 0, NULL, 0),
(200, 'fc8c89c2', 1, NULL, -1.68307),
(201, '8d011c33', 0, NULL, 0),
(202, 'c97c506d', 1, NULL, -0.484401),
(203, 'eff17e77', 0, NULL, 0),
(204, '3dfe4e42', 1, NULL, -1.5),
(205, 'd59e0457', 1, NULL, 1.28282),
(206, '42f98736', 0, NULL, 0),
(207, '91463ec0', 0, NULL, 0),
(208, '6495c9af', 0, NULL, 0),
(209, '7343ebad', 1, NULL, -0.787543),
(210, '895a7a7b', 0, NULL, 0),
(211, 'f07eb2d4', 1, NULL, -1.20349),
(212, '083eb2a2', 0, NULL, 0),
(213, '2ad0cde1', 0, NULL, 0),
(214, 'fa8d04ef', 0, NULL, 0),
(215, 'f3d113c3', 1, NULL, 1.21779),
(216, 'e8660560', 0, NULL, 0),
(217, '1fe1f727', 0, NULL, 0),
(218, 'b8f127e6', 0, NULL, 0),
(219, '5dd7041c', 1, NULL, -2),
(220, 'c51b18d3', 1, NULL, -0.193298),
(221, 'b0e8a34b', 1, NULL, 2.62874),
(222, '24e31dd0', 1, NULL, -0.629265),
(223, '0eea7043', 1, NULL, -2.12864),
(224, 'd87bf7fc', 0, NULL, 0),
(225, '066a1402', 0, NULL, 0),
(226, 'eba30609', 1, NULL, -2.5),
(227, '58383fcb', 1, NULL, -2.72516),
(228, 'a301d77d', 1, NULL, -0.385345),
(229, '1d7414f8', 0, NULL, 0),
(230, 'f1b5361b', 1, NULL, 0.0631122),
(231, '0b1ed25b', 1, NULL, -2),
(232, '8dc90007', 0, NULL, 0),
(233, '786fe23d', 0, NULL, 0),
(234, '2584dc87', 0, NULL, 0),
(235, '8059c782', 1, NULL, -1.5),
(236, 'c8334dee', 0, NULL, 0),
(237, '9b202a77', 0, NULL, 0),
(238, '15c71d19', 0, NULL, 0),
(239, '41abcb2e', 0, NULL, 0),
(240, 'cb504350', 1, NULL, 2.62526),
(241, 'b3dd83df', 1, NULL, -1.5),
(242, '1e58fd68', 0, NULL, 0),
(243, 'be998610', 0, NULL, 0),
(244, '1d8b7fdc', 1, NULL, -2),
(245, 'a318ce0d', 0, NULL, 0),
(246, '7ebf1644', 0, NULL, 0),
(247, 'c48686fe', 1, NULL, -0.845813),
(248, '1efd4f98', 0, NULL, 0),
(249, '06662039', 0, NULL, 0),
(250, '4b10f909', 0, NULL, 0),
(251, 'c230a1aa', 0, NULL, 0),
(252, 'd9a7b43c', 1, NULL, -0.745164),
(253, 'f32254c3', 0, NULL, 0),
(254, '23e67a30', 0, NULL, 0),
(255, '67d55272', 0, NULL, 0),
(256, 'c0dd4822', 1, NULL, 0.796722),
(257, '65fe8086', 0, NULL, 0),
(258, 'b5059b4b', 1, NULL, -2.23146),
(259, 'bb10ca9a', 1, NULL, 1.52044),
(260, '4591841c', 0, NULL, 0),
(261, '66ee88e9', 1, NULL, -2.5),
(262, '7aa1054d', 1, NULL, 2.4501),
(263, '53b204b6', 0, NULL, 0),
(264, 'cc5a98f4', 0, NULL, 0),
(265, '162fb8d9', 1, NULL, 1.22566),
(266, '0ff15f42', 1, NULL, -2.5),
(267, '3be2cdc5', 0, NULL, 0),
(268, 'f0e23dba', 0, NULL, 0),
(269, '86a3c2ac', 0, NULL, 0),
(270, 'aea9e66f', 1, NULL, -1.5),
(271, 'b45b630c', 0, NULL, 0),
(272, 'a93486bb', 0, NULL, 0),
(273, 'f193d471', 0, NULL, 0),
(274, 'f2b93c77', 0, NULL, 0),
(275, '10006a88', 0, NULL, 0),
(276, 'df1136c0', 0, NULL, 0),
(277, '7545c0ad', 1, NULL, -2),
(278, '6fa5a812', 1, NULL, 1.40572),
(279, '68108f48', 0, NULL, 0),
(280, '90848143', 1, NULL, -1.5),
(281, '5dbb0ef8', 1, NULL, -2),
(282, 'a1a6ab0a', 0, NULL, 0),
(283, 'e8a2cac8', 1, NULL, 0.125659),
(284, 'ed1d6973', 0, NULL, 0),
(285, '015d4f29', 0, NULL, 0),
(286, 'ee6fdaa2', 0, NULL, 0),
(287, 'e4dbcad3', 1, NULL, 1.23408),
(288, '8882e362', 1, NULL, -2),
(289, '0210985d', 0, NULL, 0),
(290, '6e506de0', 1, NULL, -0.637889),
(291, '1cfac2e1', 0, NULL, 0),
(292, '7f66afc2', 1, NULL, 0.404945),
(293, '2ab87af5', 0, NULL, 0),
(294, 'aad00317', 0, NULL, 0),
(295, '286a3636', 1, NULL, -2.5),
(296, '7a9fcf60', 0, NULL, 0),
(297, 'ea7b1f43', 1, NULL, 0.952172),
(298, 'e3fff3d6', 0, NULL, 0),
(299, '80824574', 1, NULL, -0.394689),
(300, '7c64d159', 0, NULL, 0),
(301, '6467987f', 0, NULL, 0),
(302, '1e404965', 0, NULL, 0),
(303, '9c73c546', 1, NULL, -1.5),
(304, '91bf3687', 0, NULL, 0),
(305, '46a37049', 1, NULL, -1.5),
(306, '0ebcfbf5', 0, NULL, 0),
(307, '64f328b3', 0, NULL, 0),
(308, '9c218eec', 0, NULL, 0),
(309, 'f9df9267', 1, NULL, -0.244429),
(310, '2d36f2dd', 1, NULL, -3),
(311, '7f75c692', 1, NULL, 0.806953),
(312, '447a0399', 1, NULL, 0.587812),
(313, 'e79c4d2f', 0, NULL, 0),
(314, '053b8dd6', 0, NULL, 0),
(315, 'd4fd14eb', 1, NULL, 0.924074),
(316, '296c7918', 1, NULL, -1.5),
(317, '70b8b769', 1, NULL, -1.5),
(318, '3f25b340', 0, NULL, 0),
(319, '95616b07', 0, NULL, 0),
(320, '40ac4f1b', 1, NULL, -1.10187),
(321, 'e4e60c61', 1, NULL, -1.5),
(322, '1362f46a', 1, NULL, 0.0851976),
(323, 'f4c3a3ed', 0, NULL, 0),
(324, '3d185bdf', 1, NULL, -1.5),
(325, '6348d765', 1, NULL, -2),
(326, 'f8dcb447', 0, NULL, 0),
(327, '82d098b8', 1, NULL, -0.846704),
(328, '4beb3917', 1, NULL, -1.5),
(329, 'b4abd90d', 1, NULL, -0.748713),
(330, '69c1f293', 1, NULL, -0.783592),
(331, '2266fd97', 1, NULL, 0.0460848),
(332, 'fa27e90e', 0, NULL, 0),
(333, '915c82d6', 1, NULL, -2.5),
(334, '4beb3916', 1, NULL, -1.5),
(335, '389fd5cb', 1, NULL, -5.86675),
(336, '13c79e6b', 0, NULL, 0),
(337, '6bcf36aa', 1, NULL, -2),
(338, '383efb94', 1, NULL, 1.89924),
(339, 'a430a672', 1, NULL, -0.430661),
(340, '4beb3915', 1, NULL, -1.38127),
(341, '4892dd7d', 1, NULL, -1.5),
(342, '05de7385', 1, NULL, 2.41569),
(343, '1be642bf', 1, NULL, 0.893659),
(344, 'c902ee3c', 0, NULL, 0),
(345, '2f799d43', 1, NULL, 0.0464152),
(346, '275c0682', 1, NULL, 0.0617173),
(347, '4cb312d1', 1, NULL, -2.47048),
(348, '10297780', 0, NULL, 0),
(349, 'e300dec0', 0, NULL, 0),
(350, '154f807c', 1, NULL, -1.54101),
(351, '24a43fc1', 1, NULL, -1.05052),
(352, '08dfbb1b', 0, NULL, 0),
(353, '644713a2', 0, NULL, 0),
(354, '71ead065', 0, NULL, 0),
(355, '6888b630', 0, NULL, 0),
(356, 'b976a6fe', 0, NULL, 0),
(357, 'a1260d03', 1, NULL, 0.141392),
(358, '5acebf3b', 1, NULL, 1.691),
(359, '6f53869f', 1, NULL, -1.5),
(360, '5f480707', 1, NULL, 1.97406),
(361, 'ce7dd024', 0, NULL, 0),
(362, '248084b9', 1, NULL, -2),
(363, '3a7a0e92', 0, NULL, 0),
(364, 'c27d0b34', 1, NULL, -3),
(365, 'eefd07d6', 0, NULL, 0),
(366, '625be592', 0, NULL, 0),
(367, '6e82e087', 0, NULL, 0),
(368, 'cd625e4c', 0, NULL, 0),
(369, '16dfe749', 0, NULL, 0),
(370, '7c55899a', 1, NULL, 1.41957),
(371, '911e79d7', 1, NULL, -1.5),
(372, '250aaf52', 1, NULL, -1.07133),
(373, '209a0922', 0, NULL, 0),
(374, '67b00193', 0, NULL, 0),
(375, '4d895680', 0, NULL, 0),
(376, '76a49e13', 1, NULL, -1.5),
(377, 'ce949138', 0, NULL, 0),
(378, 'da28ab06', 1, NULL, 1.78511),
(379, '3c9dcde0', 0, NULL, 0),
(380, '0f6b7166', 0, NULL, 0),
(381, 'a9a1c30f', 0, NULL, 0),
(382, 'b2820f71', 0, NULL, 0),
(383, 'f86d54b3', 1, NULL, -0.00741095),
(384, 'a10a43df', 0, NULL, 0),
(385, 'fd7f20c6', 0, NULL, 0),
(386, 'ff16938c', 0, NULL, 0),
(387, '3ed76058', 1, NULL, -1.5),
(388, '7a2e833b', 0, NULL, 0),
(389, '10b1fdb7', 0, NULL, 0),
(390, '471fd25b', 1, NULL, -1.5),
(391, '1d19bb47', 0, NULL, 0),
(392, '42ab5edb', 0, NULL, 0),
(393, '55a0df19', 1, NULL, 0.872397),
(394, 'a6be96ff', 0, NULL, 0),
(395, 'fe4cfa2c', 1, NULL, -1.5),
(396, 'e9ea0b0b', 0, NULL, 0),
(397, '1cf3fdee', 0, NULL, 0),
(398, '617b0088', 1, NULL, -0.250774),
(399, '82451154', 1, NULL, -0.156456),
(400, '18bb80be', 1, NULL, -0.163952),
(401, '5df61182', 1, NULL, -0.298008),
(402, '1896c52a', 1, NULL, -2),
(403, 'fc6a82cf', 1, NULL, -1.5),
(404, '1536eaaa', 0, NULL, 0),
(405, 'b79ea53a', 0, NULL, 0),
(406, '50615c46', 0, NULL, 0),
(407, 'b2a62c93', 0, NULL, 0),
(408, 'b91576c7', 0, NULL, 0),
(409, 'dda35afa', 1, NULL, -0.272441),
(410, '41687d18', 1, NULL, -2),
(411, '4a4540d8', 0, NULL, 0),
(412, '4c5eca6b', 0, NULL, 0),
(413, '018f7fb2', 0, NULL, 0),
(414, '4a5f135c', 0, NULL, 0),
(415, '268d2a5b', 0, NULL, 0),
(416, 'aa040323', 0, NULL, 0),
(417, 'a159cdc6', 0, NULL, 0),
(418, '5361920c', 0, NULL, 0),
(419, 'c16c60ef', 1, NULL, -1.00742),
(420, '6524133c', 0, NULL, 0),
(421, '4a998498', 0, NULL, 0),
(422, '414423ea', 0, NULL, 0),
(423, '9c4dabeb', 0, NULL, 0),
(424, 'b87b6eaa', 0, NULL, 0),
(425, '94f532d9', 1, NULL, -1.5),
(426, '1ce46a93', 0, NULL, 0),
(427, '8c12f303', 1, NULL, 0.298374),
(428, '67a900f6', 1, NULL, -0.202343),
(429, 'af775f3e', 0, NULL, 0),
(430, 'd93cad00', 1, NULL, -1.5),
(431, 'b72884ab', 0, NULL, 0),
(432, 'c2df6a5d', 0, NULL, 0),
(433, '74e366c2', 1, NULL, -1.55706),
(434, '0dd6305a', 1, NULL, -1.22047),
(435, '3f63c848', 0, NULL, 0),
(436, '6e2a51e9', 0, NULL, 0),
(437, 'fda9cbcd', 0, NULL, 0),
(438, 'a6ec6b1a', 1, NULL, 1.42516),
(439, '931b3496', 1, NULL, -3),
(440, '2833a27d', 0, NULL, 0),
(441, 'c6b9bb5b', 0, NULL, 0),
(442, 'a061f5ed', 1, NULL, -0.541601),
(443, '7283d1f9', 0, NULL, 0),
(444, '32d88cfa', 0, NULL, 0),
(445, '01810697', 0, NULL, 0),
(446, '7d1761ac', 1, NULL, -1.25402),
(447, '4c50de41', 1, NULL, -1.90303),
(448, '6f80922b', 1, NULL, 0.0530321),
(449, 'b185ab86', 1, NULL, 0.398118),
(450, '4525ac5e', 0, NULL, 0),
(451, '1f174313', 1, NULL, -3.34878),
(452, 'b0d53ca1', 1, NULL, 2.18241),
(453, 'f27ddb7e', 0, NULL, 0),
(454, 'd5d2a5d4', 1, NULL, -0.895737),
(455, '4fe0927c', 0, NULL, 0),
(456, '86340139', 1, NULL, 0.276147),
(457, 'c96a454a', 0, NULL, 0),
(458, '5d11cdec', 1, NULL, -2),
(459, 'bc2863fa', 1, NULL, -3),
(460, '3dcd3d5d', 0, NULL, 0),
(461, '7ea98e32', 1, NULL, -3.5),
(462, '6a4a890b', 0, NULL, 0),
(463, '1159009e', 0, NULL, 0),
(464, '2e2fb8fb', 1, NULL, -1.21547),
(465, '035720bc', 1, NULL, 0.398129),
(466, 'c92ead28', 0, NULL, 0),
(467, '59c15389', 0, NULL, 0),
(468, '32747520', 1, NULL, -3.5),
(469, '7233d1eb', 1, NULL, -1.5),
(470, 'b20a7833', 0, NULL, 0),
(471, '3e5cfac3', 0, NULL, 0),
(472, '6823ab17', 1, NULL, -0.236082),
(473, '20cbe932', 0, NULL, 0),
(474, '6f13db0e', 0, NULL, 0),
(475, '6904794c', 0, NULL, 0),
(476, 'f8b0570d', 1, NULL, -1.76329),
(477, 'ef99f06c', 0, NULL, 0),
(478, '0a45b56a', 1, NULL, -0.0858762),
(479, '217ef640', 1, NULL, -1.5),
(480, '57ba9c47', 0, NULL, 0),
(481, 'e8ba7a87', 0, NULL, 0),
(482, 'fe2d1893', 0, NULL, 0),
(483, '6b0125a1', 1, NULL, -1.14379),
(484, 'c6f7da61', 1, NULL, -1.11987),
(485, '57f33e13', 0, NULL, 0),
(486, 'a3fc8083', 1, NULL, -1.48182),
(487, '2057a8ff', 1, NULL, -1.19806),
(488, 'ef3a08fe', 0, NULL, 0),
(489, '89d51059', 0, NULL, 0),
(490, 'df19f17a', 0, NULL, 0),
(491, '2ebb0973', 0, NULL, 0),
(492, '45b0c4ea', 0, NULL, 0),
(493, '2077a496', 1, NULL, -0.197794),
(494, '875540a8', 0, NULL, 0),
(495, '1dbcbf87', 0, NULL, 0),
(496, '57e8e57e', 1, NULL, -2),
(497, '54390468', 0, NULL, 0),
(498, '3e0d7cf6', 1, NULL, 1.26774),
(499, '06716b11', 0, NULL, 0),
(500, 'cd6f7c52', 0, NULL, 0),
(501, 'df06cf2f', 1, NULL, -2),
(502, '8d70e096', 1, NULL, -1.5),
(503, 'e9ab359c', 0, NULL, 0),
(504, '1f1e6fdf', 1, NULL, -1.5),
(505, '8649496a', 0, NULL, 0),
(506, 'c685935f', 0, NULL, 0),
(507, '78502c37', 0, NULL, 0),
(508, 'c3e9c52b', 1, NULL, 0.486143),
(509, '51d6a5e5', 0, NULL, 0),
(510, 'c7fc7cfa', 1, NULL, 0.363404),
(511, '2a0e0386', 0, NULL, 0),
(512, 'df05fdcc', 0, NULL, 0),
(513, 'cb937b4e', 0, NULL, 0),
(514, '55b6bead', 0, NULL, 0),
(515, 'fcd06a34', 0, NULL, 0),
(516, 'd24d417d', 0, NULL, 0),
(517, 'a9795e00', 0, NULL, 0),
(518, '10a7e944', 1, NULL, -0.637167),
(519, '52349f9d', 1, NULL, 1.34816),
(520, '524a6af2', 1, NULL, 1.22614),
(521, 'e9f8a22c', 0, NULL, 0),
(522, 'b17c8848', 0, NULL, 0),
(523, 'f45b9690', 0, NULL, 0),
(524, 'a83c84ec', 0, NULL, 0),
(525, 'f73a9567', 1, NULL, 1.92144),
(526, '1d32f48f', 1, NULL, 0.392843),
(527, 'c5618d17', 1, NULL, 1.71312),
(528, '6f05e346', 0, NULL, 0),
(529, '667deeff', 0, NULL, 0),
(530, 'abfff863', 0, NULL, 0),
(531, 'b8f1bdcd', 0, NULL, 0),
(532, '36b3d58a', 0, NULL, 0),
(533, '6033c1fb', 1, NULL, 2.09368),
(534, 'c61dabdb', 1, NULL, 0.939429),
(535, '7f4e0fad', 1, NULL, -1.5),
(536, '2c78ffc3', 1, NULL, 2.74314),
(537, 'ebeb2997', 1, NULL, -3),
(538, '2118bec7', 0, NULL, 0),
(539, '352bc722', 0, NULL, 0),
(540, '1d2493fa', 1, NULL, -1.5),
(541, 'a97b7fe9', 0, NULL, 0),
(542, '3b0d90dc', 0, NULL, 0),
(543, '6f07a062', 0, NULL, 0),
(544, 'fca19ef1', 0, NULL, 0),
(545, 'c6aa5a76', 0, NULL, 0),
(546, 'c83dbbeb', 1, NULL, -1.5),
(547, 'f720ac94', 1, NULL, 0.475431),
(548, 'd426d433', 1, NULL, -1.28541),
(549, 'fe411a9b', 0, NULL, 0),
(550, '12a0e645', 0, NULL, 0),
(551, '4a6b4b00', 1, NULL, -0.381118),
(552, '24045581', 0, NULL, 0),
(553, '19c4d28d', 0, NULL, 0),
(554, '945c149d', 1, NULL, -3),
(555, 'bd750363', 0, NULL, 0),
(556, '6a1a333d', 0, NULL, 0),
(557, '7bae6058', 0, NULL, 0),
(558, '5724fdb5', 0, NULL, 0),
(559, 'e385be3f', 0, NULL, 0),
(560, '4abf4ba9', 1, NULL, 0.591071),
(561, 'a48de6c2', 0, NULL, 0),
(562, '2f2c2431', 0, NULL, 0),
(563, 'bb390ab1', 0, NULL, 0),
(564, 'b6d77673', 0, NULL, 0),
(565, '44342a5c', 1, NULL, -3),
(566, '5fe7d324', 0, NULL, 0),
(567, 'b804228e', 0, NULL, 0),
(568, 'd17fc7f6', 0, NULL, 0),
(569, '1cd0b77d', 0, NULL, 0),
(570, '0b072d5f', 0, NULL, 0),
(571, 'c9246a34', 1, NULL, -3.91448),
(572, 'e2944dc5', 0, NULL, 0),
(573, '64527ede', 1, NULL, -1.92223),
(574, '7577622c', 0, NULL, 0),
(575, '4f13d923', 1, NULL, -2),
(576, 'fce51ad2', 1, NULL, 1.97768),
(577, '65cf2e83', 1, NULL, 2.93063),
(578, '14fdbd6a', 1, NULL, -1.5),
(579, '33b4cb75', 1, NULL, -1.5),
(580, '1a5de9a3', 1, NULL, -0.793492),
(581, '2dc8dd9d', 0, NULL, 0),
(582, 'cdadf526', 0, NULL, 0),
(583, 'b4db9407', 0, NULL, 0),
(584, '8d36e391', 0, NULL, 0),
(585, '96c5038e', 0, NULL, 0),
(586, '63d86d5f', 0, NULL, 0),
(587, 'e794ac0e', 0, NULL, 0),
(588, '54f0c89f', 0, NULL, 0),
(589, '9c218eab', 1, NULL, 1.96704),
(590, '26e3fc87', 1, NULL, -1.4159),
(591, '34d8fa1b', 0, NULL, 0),
(592, '832081d3', 1, NULL, 0.145964),
(593, 'b528b6e9', 1, NULL, 1.62337),
(594, '5c0caaea', 1, NULL, 1.93125),
(595, 'f236e252', 0, NULL, 0),
(596, '2656449d', 0, NULL, 0),
(597, '32b4eefe', 1, NULL, 2.55648),
(598, '4f90d088', 0, NULL, 0),
(599, 'e2d873d6', 0, NULL, 0),
(600, '2943652b', 0, NULL, 0),
(601, 'ec3b716a', 0, NULL, 0),
(602, 'e11c5670', 1, NULL, -2),
(603, '1da2c3e1', 1, NULL, -0.332228),
(604, '050fb0f7', 0, NULL, 0),
(605, '48646967', 1, NULL, 0.618388),
(606, 'f60b8e36', 0, NULL, 0),
(607, '76afd084', 0, NULL, 0),
(608, 'd6a25552', 1, NULL, -2.44147),
(609, '123a13bc', 1, NULL, 0.300926),
(610, '126870cc', 0, NULL, 0),
(611, '1ac1a1d6', 1, NULL, -1.5),
(612, '95095a61', 0, NULL, 0),
(613, '4b9d3089', 0, NULL, 0),
(614, '6116cb9a', 0, NULL, 0),
(615, '0824eea9', 1, NULL, -1.04767),
(616, 'ad338463', 0, NULL, 0),
(617, '648072dc', 0, NULL, 0),
(618, '7ad7bfcb', 1, NULL, -1.5),
(619, '5d4f4a9', 0, NULL, 0),
(620, '448d5cca', 0, NULL, 0),
(621, '20874371', 0, NULL, 0),
(622, '61f032f1', 0, NULL, 0),
(623, '70b4385e', 1, NULL, -2),
(624, '44180527', 0, NULL, 0),
(625, '6c3247c3', 1, NULL, 0.510592),
(626, '729d7859', 0, NULL, 0),
(627, 'e9bc6932', 0, NULL, 0),
(628, '3c533a0f', 1, NULL, -2),
(629, '3cd6d809', 0, NULL, 0),
(630, 'f0a4a124', 1, NULL, -1.5),
(631, '74006631', 0, NULL, 0),
(632, '6a4a23e8', 0, NULL, 0),
(633, '872e6969', 1, NULL, -2.5),
(634, 'fbaa28e3', 1, NULL, 0.340297),
(635, 'f6e85ec3', 0, NULL, 0),
(636, 'ccc9c639', 0, NULL, 0),
(637, '49b8b8ab', 1, NULL, -1.5),
(638, 'a3a6e6a4', 1, NULL, -0.861646),
(639, '4099a301', 0, NULL, 0),
(640, '7a3e0b49', 0, NULL, 0),
(641, '83828bec', 0, NULL, 0),
(642, 'ba515f50', 0, NULL, 0),
(643, '229b8c52', 0, NULL, 0),
(644, 'f23ffead', 1, NULL, -1.28289),
(645, '7d77c62a', 0, NULL, 0),
(646, '4fd50040', 0, NULL, 0),
(647, '5d7cfdd1', 0, NULL, 0),
(648, '06cbf5e', 0, NULL, 0),
(649, 'de86abd6', 0, NULL, 0),
(650, '3e2ab4a1', 0, NULL, 0),
(651, 'ae75ec66', 1, NULL, -1.5),
(652, '37ff7a01', 0, NULL, 0),
(653, 'b9173291', 0, NULL, 0),
(654, '3d82c14f', 1, NULL, 1.34997),
(655, 'e6172854', 0, NULL, 0),
(656, '836d01bd', 1, NULL, 0.77748),
(657, '16b3775a', 0, NULL, 0),
(658, '1a0fc1dd', 0, NULL, 0),
(659, 'a7d0e29e', 0, NULL, 0),
(660, 'd8ac6f70', 0, NULL, 0),
(661, '38d283d8', 1, NULL, -1.5),
(662, '2be7a8c9', 0, NULL, 0),
(663, '0231df54', 0, NULL, 0),
(664, 'd35d31e4', 0, NULL, 0),
(665, '405aa8e2', 0, NULL, 0),
(666, '5dcee47e', 1, NULL, -2),
(667, '5c051cd1', 1, NULL, 0.255551),
(668, 'f272b986', 1, NULL, 0.807766),
(669, '69f7b34e', 1, NULL, -1.5),
(670, '63be5631', 1, NULL, 1.77893),
(671, '3f44e19f', 0, NULL, 0),
(672, '78102e46', 0, NULL, 0),
(673, 'ed674479', 0, NULL, 0),
(674, '1048200d', 1, NULL, 0.436084),
(675, 'c9dd4565', 0, NULL, 0),
(676, '7e176676', 0, NULL, 0),
(677, 'c8c0a5cd', 0, NULL, 0),
(678, 'e9e2a76d', 0, NULL, 0),
(679, 'a73dc752', 1, NULL, 0.213408),
(680, '7cd7a44f', 0, NULL, 0),
(681, 'da67cc9a', 1, NULL, -1.84144),
(682, 'a86eedb4', 0, NULL, 0),
(683, 'd1cf2776', 1, NULL, -2),
(684, '26eb90b7', 0, NULL, 0),
(685, 'fe5a5cca', 0, NULL, 0),
(686, '20396021', 1, NULL, -1.5),
(687, 'd517000f', 0, NULL, 0),
(688, '00cebadf', 1, NULL, -3.53962),
(689, '1f342cec', 0, NULL, 0),
(690, '8c12373c', 1, NULL, 0.611122),
(691, 'd03ab9dd', 1, NULL, -2),
(692, 'd6f7d2d5', 1, NULL, 0.873926),
(693, '98ac41f8', 1, NULL, -0.362769),
(694, 'bc974110', 0, NULL, 0),
(695, 'd6198b08', 0, NULL, 0),
(696, '562746d1', 0, NULL, 0),
(697, 'db8beb36', 0, NULL, 0),
(698, '4de4faff', 1, NULL, -1.93868),
(699, '818afa32', 1, NULL, 0.124801),
(700, '8c5fcfec', 0, NULL, 0),
(701, '9423127e', 1, NULL, 0.146005),
(702, '07399dfd', 0, NULL, 0),
(703, '682bfac7', 0, NULL, 0),
(704, 'c6eafe67', 1, NULL, -2),
(705, '1d72221b', 0, NULL, 0),
(706, 'da1eecbf', 0, NULL, 0),
(707, '551a7f92', 0, NULL, 0),
(708, 'ce004ffd', 0, NULL, 0),
(709, '6b9b50df', 0, NULL, 0),
(710, 'fde9c6fb', 0, NULL, 0),
(711, '4944f690', 0, NULL, 0),
(712, '24bf2878', 1, NULL, -6),
(713, 'f50995b2', 1, NULL, -0.388651),
(714, 'cd6149b5', 0, NULL, 0),
(715, '09dc3676', 0, NULL, 0),
(716, '2ec309de', 1, NULL, -7),
(717, 'e6c62837', 0, NULL, 0),
(718, '0fff9226', 0, NULL, 0),
(719, '5f677c22', 1, NULL, -1.18859),
(720, '31c3deb0', 1, NULL, -2.5),
(721, 'ce994260', 0, NULL, 0),
(722, '15b26468', 0, NULL, 0),
(723, 'd4fdb255', 1, NULL, 0.520747),
(724, '94cb4450', 0, NULL, 0),
(725, 'a6f2a750', 1, NULL, 1.30453),
(726, '8ddf77f9', 1, NULL, -0.165504),
(727, '8b87544c', 1, NULL, -1.5),
(728, '844bd6ac', 0, NULL, 0),
(729, 'a5f96f42', 1, NULL, -1.58105),
(730, 'a5f39101', 0, NULL, 0),
(731, 'f2adeadc', 0, NULL, 0),
(732, 'e4dd7aff', 1, NULL, -2),
(733, 'faabb855', 1, NULL, -2),
(734, '6854df34', 1, NULL, -2),
(735, '02db1869', 0, NULL, 0),
(736, '8f9899c0', 0, NULL, 0),
(737, 'a81eb5c4', 1, NULL, 0.938933),
(738, 'f9ac9c67', 0, NULL, 0),
(739, 'c670ab2d', 1, NULL, -1.5),
(740, '2f9aa85a', 0, NULL, 0),
(741, '5700b8af', 1, NULL, -2),
(742, 'd94d8857', 1, NULL, 0.372659),
(743, 'ea7b1f44', 1, NULL, 0.323962),
(744, 'd98a37c1', 1, NULL, -0.306338),
(745, 'e749b97f', 0, NULL, 0),
(746, '000c2a7a', 1, NULL, 0.0910842),
(747, '55ef595c', 1, NULL, -1.7769),
(748, 'dbcbd957', 1, NULL, 0.0868087),
(749, 'c281199a', 1, NULL, -1.5),
(750, '2dcdef60', 0, NULL, 0),
(751, 'c3f5e65f', 1, NULL, -1.37739),
(752, 'b05b198f', 1, NULL, -2.5),
(753, '63781a4d', 1, NULL, -3.5),
(754, '54351d0b', 0, NULL, 0),
(755, '50cf0fc9', 0, NULL, 0),
(756, 'a2f66a8f', 0, NULL, 0),
(757, 'dd094727', 1, NULL, -0.0436078),
(758, '25ab0bb7', 0, NULL, 0),
(759, '24f2486a', 0, NULL, 0),
(760, '473a7aea', 1, NULL, 0.4303),
(761, 'c86a44d1', 0, NULL, 0),
(762, '556a7bee', 0, NULL, 0),
(763, 'ff2bed3e', 1, NULL, -0.29999),
(764, '91392914', 0, NULL, 0),
(765, '14762110', 0, NULL, 0),
(766, 'd62c7521', 1, NULL, -4),
(767, 'a10311f1', 0, NULL, 0),
(768, '8acfa2ed', 1, NULL, -1.5),
(769, '54fbe8a5', 0, NULL, 0),
(770, 'c7e3cf75', 0, NULL, 0),
(771, 'd1da6d10', 0, NULL, 0),
(772, 'c4e6344b', 0, NULL, 0),
(773, 'c7a8a6f6', 0, NULL, 0),
(774, '1c2dcfea', 0, NULL, 0),
(775, 'b94b0cde', 0, NULL, 0),
(776, '83706f0c', 0, NULL, 0),
(777, '4cfb6ca1', 1, NULL, -0.429724),
(778, '9f232b50', 1, NULL, -1.5),
(779, '7ad8ef39', 0, NULL, 0),
(780, 'b661f2e4', 0, NULL, 0),
(781, 'c114b099', 1, NULL, 0.32242),
(782, '5bf037a2', 1, NULL, 0.607062),
(783, '390360ab', 1, NULL, -1.69538),
(784, 'a425f79a', 1, NULL, -7.23862),
(785, '2ce93eb1', 1, NULL, -1.6111),
(786, '5da4a889', 0, NULL, 0),
(787, '154ff8a1', 1, NULL, -0.48222),
(788, 'd125fb90', 1, NULL, -2),
(789, 'bbf183e9', 1, NULL, -2),
(790, '42a14a60', 0, NULL, 0),
(791, 'e993879b', 0, NULL, 0),
(792, '4a678d82', 1, NULL, -2.5),
(793, '85642824', 1, NULL, -1.5),
(794, '30c13781', 1, NULL, -1.5),
(795, '8078fc9f', 1, NULL, 1.22563),
(796, '73483f0b', 1, NULL, -1.5),
(797, '93f5c91d', 0, NULL, 0),
(798, '7a4b7bb0', 0, NULL, 0),
(799, '9bdc8979', 0, NULL, 0),
(800, '489f99ef', 0, NULL, 0),
(801, 'dfbe79d0', 1, NULL, -1.11027),
(802, '22def2d5', 0, NULL, 0),
(803, 'aba313f1', 0, NULL, 0),
(804, '66673c19', 0, NULL, 0),
(805, '49a8ce45', 0, NULL, 0),
(806, 'caeadb48', 1, NULL, -1.5),
(807, '14a8c586', 0, NULL, 0),
(808, '5c137834', 0, NULL, 0),
(809, 'ca79fe7c', 1, NULL, -0.239667),
(810, 'b26fdb43', 0, NULL, 0),
(811, '2500e57f', 0, NULL, 0),
(812, 'e029f05b', 0, NULL, 0),
(813, '33fbb78c', 0, NULL, 0),
(814, '5c4cd623', 0, NULL, 0),
(815, '8c8727c5', 1, NULL, -1.5),
(816, '5452f878', 1, NULL, 0.932965),
(817, 'c59fbc8c', 0, NULL, 0),
(818, 'b2ce8fc2', 1, NULL, -2),
(819, 'f6f70717', 0, NULL, 0),
(820, 'ab94967c', 1, NULL, -1.5),
(821, '2700367f', 0, NULL, 0),
(822, '8e72b5f1', 0, NULL, 0),
(823, 'd05129f4', 1, NULL, -1.5),
(824, 'c03043f0', 0, NULL, 0),
(825, '5e33fe5d', 0, NULL, 0),
(826, 'e446729f', 0, NULL, 0),
(827, '574946b1', 1, NULL, -2),
(828, '5436b5f0', 0, NULL, 0),
(829, '189d447c', 1, NULL, -0.763153),
(830, 'ca6b5028', 0, NULL, 0),
(831, '7a54167e', 0, NULL, 0),
(832, '5841cf0b', 1, NULL, 0.676586),
(833, '83801c75', 1, NULL, -1.5),
(834, '4f8467c0', 0, NULL, 0),
(835, 'a8640451', 0, NULL, 0),
(836, 'b4f420fb', 0, NULL, 0),
(837, '28e20ccc', 0, NULL, 0),
(838, '21ee3b3a', 0, NULL, 0),
(839, 'a5165a32', 1, NULL, -1.39773),
(840, 'c14dae5b', 0, NULL, 0),
(841, '7109da34', 0, NULL, 0),
(842, 'b2f9123a', 0, NULL, 0),
(843, '3345e7e2', 1, NULL, -0.572087),
(844, 'a8fab3f6', 1, NULL, -1.5),
(845, '5e6017f1', 1, NULL, -1.62771),
(846, 'f11031db', 1, NULL, -2),
(847, '0b7171fe', 0, NULL, 0),
(848, '217b7a7d', 0, NULL, 0),
(849, '42b9b84f', 0, NULL, 0),
(850, '0f6dc36d', 1, NULL, -1.22033),
(851, '5b11ff86', 1, NULL, -0.617495),
(852, 'f0f2e427', 0, NULL, 0),
(853, 'ce0f9759', 1, NULL, -0.127075),
(854, 'f2a8c116', 0, NULL, 0),
(855, '990e4956', 0, NULL, 0),
(856, '236f196c', 1, NULL, -0.0839153);

-- --------------------------------------------------------

--
-- Table structure for table `VideoInformations`
--

CREATE TABLE IF NOT EXISTS `VideoInformations` (
  `videoId` int(11) NOT NULL AUTO_INCREMENT,
  `link` varchar(200) NOT NULL,
  `homeTeam` int(11) NOT NULL,
  `awayTeam` int(11) NOT NULL,
  `homeColor` varchar(30) DEFAULT NULL,
  `awayColor` varchar(30) DEFAULT NULL,
  `sequence` int(11) NOT NULL,
  `sequenceEnd` int(11) NOT NULL,
  PRIMARY KEY (`videoId`),
  KEY `homeTeam` (`homeTeam`),
  KEY `awayTeam` (`awayTeam`)
) ENGINE=InnoDB  DEFAULT CHARSET=latin1 AUTO_INCREMENT=2 ;

--
-- Dumping data for table `VideoInformations`
--

INSERT INTO `VideoInformations` (`videoId`, `link`, `homeTeam`, `awayTeam`, `homeColor`, `awayColor`, `sequence`, `sequenceEnd`) VALUES
(1, 'videos/medium.mp4', 30, 43, 'white', 'red', 0, 2829);

--
-- Constraints for dumped tables
--

--
-- Constraints for table `campaign`
--
ALTER TABLE `campaign`
  ADD CONSTRAINT `campaign_ibfk_1` FOREIGN KEY (`VideoId`) REFERENCES `VideoInformations` (`videoId`);

--
-- Constraints for table `Event`
--
ALTER TABLE `Event`
  ADD CONSTRAINT `Event_ibfk_1` FOREIGN KEY (`TaskId`) REFERENCES `Task` (`TaskId`),
  ADD CONSTRAINT `Event_ibfk_2` FOREIGN KEY (`type_id`) REFERENCES `EventNames` (`EventNamesId`);

--
-- Constraints for table `GroundTruth`
--
ALTER TABLE `GroundTruth`
  ADD CONSTRAINT `GroundTruth_ibfk_1` FOREIGN KEY (`type_id`) REFERENCES `EventNames` (`EventNamesId`);

--
-- Constraints for table `Task`
--
ALTER TABLE `Task`
  ADD CONSTRAINT `Task_ibfk_1` FOREIGN KEY (`UID`) REFERENCES `Users` (`UID`),
  ADD CONSTRAINT `Task_ibfk_2` FOREIGN KEY (`CampaignId`) REFERENCES `campaign` (`CampaignId`);

--
-- Constraints for table `TaskInProgress`
--
ALTER TABLE `TaskInProgress`
  ADD CONSTRAINT `TaskInProgress_ibfk_1` FOREIGN KEY (`TaskId`) REFERENCES `Task` (`TaskId`);

--
-- Constraints for table `VideoInformations`
--
ALTER TABLE `VideoInformations`
  ADD CONSTRAINT `VideoInformations_ibfk_1` FOREIGN KEY (`homeTeam`) REFERENCES `Teams` (`TeamId`),
  ADD CONSTRAINT `VideoInformations_ibfk_2` FOREIGN KEY (`awayTeam`) REFERENCES `Teams` (`TeamId`);

DELIMITER $$
--
-- Events
--
CREATE DEFINER=`root`@`localhost` EVENT `deleteInactiveTasks` ON SCHEDULE EVERY 5 MINUTE STARTS '2014-04-17 15:43:25' ON COMPLETION NOT PRESERVE ENABLE DO delete from TaskInProgress where started < (NOW() - INTERVAL 15 MINUTE)$$

DELIMITER ;

/*!40101 SET CHARACTER_SET_CLIENT=@OLD_CHARACTER_SET_CLIENT */;
/*!40101 SET CHARACTER_SET_RESULTS=@OLD_CHARACTER_SET_RESULTS */;
/*!40101 SET COLLATION_CONNECTION=@OLD_COLLATION_CONNECTION */;

create table CalculatedEvent (
    EventId int not null auto_increment primary key,
    CampaignId int not null,
    trackedPointX float,
    trackedPointY float,
    min int,
    sec int,
    msec int,
    type_id int not null,
    team_id int,
    player_id int,
    period_id int,
    FOREIGN KEY (CampaignId)
        REFERENCES campaign (CampaignId),
    FOREIGN KEY (type_id)
        REFERENCES EventNames (EventNamesId)
)  ENGINE=INNODB;

